label,mode,final_full_layers,token_keep_ratio,num_samples,top1_percent,top1_ci95_low,top1_ci95_high,delta_top1_points,bootstrap_std_points,ci95_low_points,ci95_high_points,num_resamples,dominant_flops_ratio,correction_to_approx_flops,final_full_to_approx_flops,backbone_compute_p50_ms,model_compute_p50_ms,request_p50_ms,correction_p50_ms,final_full_p50_ms,avg_wire_bytes_per_sample,avg_actual_patch_keep_ratio
full_sequential,full_sequential,,,1024,87.3046875,85.15625,89.35546875,0.0,0.0,0.0,0.0,10000,1.0,0.0,0.0,192.1405792236328,203.4686803817749,740.3905279934406,0.0,0.0,174666.087890625,1.0
l2_approx_only,l2_approx_only,,,1024,83.49609375,81.25,85.83984375,-3.80859375,0.8182487601777532,-5.46875,-2.24609375,10000,1.0,0.0,0.0,187.8281831741333,193.89069080352783,225.39398400112987,0.0,0.0,14366.8798828125,1.0
l2l0_n0_k0.25,l2l0,0,0.25,1024,86.5234375,84.47265625,88.57421875,-0.78125,0.5533906767322446,-1.85546875,0.29296875,10000,1.2011494252873562,0.20114942528735633,0.0,280.83598613739014,355.33607006073,554.5237204059958,58.695316314697266,0.0,265318.9130859375,0.25
l2l0_n0_k0.4,l2l0,0,0.4,1024,86.42578125,84.375,88.57421875,-0.87890625,0.5264296530796323,-1.953125,0.09765625,10000,1.2873563218390804,0.28735632183908044,0.0,327.4843692779541,394.46842670440674,614.5342669915408,82.48448371887207,0.0,265318.9130859375,0.390625
l2l0_n0_k0.6,l2l0,0,0.6,1024,86.42578125,84.375,88.57421875,-0.87890625,0.5252063041557875,-1.953125,0.09765625,10000,1.4118773946360152,0.4118773946360153,0.0,321.97678089141846,395.4298496246338,616.5823070332408,96.14074230194092,0.0,265318.9130859375,0.59375
l2l0_n0_k1,l2l0,0,1.0,1024,87.3046875,85.25390625,89.35546875,0.0,0.43481246125602846,-0.87890625,0.87890625,10000,1.660919540229885,0.6609195402298851,0.0,320.1794624328613,380.820631980896,578.7767840083688,116.08612537384033,0.0,265318.9130859375,1.0
l2l0_n2_k0.25,l2l0,2,0.25,1024,86.23046875,84.1796875,88.28125,-1.07421875,0.5618326102132845,-2.24609375,0.0,10000,1.1951149425287357,0.20538415003024804,0.05263157894736842,289.8828983306885,369.59362030029297,535.3435515426099,66.7109489440918,9.312629699707031,265318.9130859375,0.25
l2l0_n2_k0.4,l2l0,2,0.4,1024,86.62109375,84.47265625,88.76953125,-0.68359375,0.526846266544061,-1.7578125,0.29296875,10000,1.278735632183908,0.29340592861464004,0.05263157894736842,330.5468559265137,399.04701709747314,591.4013159926981,131.49213790893555,9.187459945678711,265318.9130859375,0.390625
l2l0_n2_k0.6,l2l0,2,0.6,1024,86.5234375,84.47265625,88.57421875,-0.78125,0.5163019785474308,-1.85546875,0.1953125,10000,1.399521072796935,0.42054849768098407,0.05263157894736842,353.1639575958252,406.796932220459,566.3763368502259,145.26546001434326,9.328126907348633,265318.9130859375,0.59375
l2l0_n2_k1,l2l0,2,1.0,1024,87.20703125,85.15625,89.16259765624999,-0.09765625,0.44715858932377583,-0.9765625,0.78125,10000,1.6410919540229885,0.6748336358136721,0.05263157894736842,339.3282890319824,396.54672145843506,569.4729874376208,120.35930156707764,9.195208549499512,265318.9130859375,1.0
l2l0_n3_k0.25,l2l0,3,0.25,1024,86.5234375,84.47265625,88.57421875,-0.78125,0.5498482798570545,-1.85546875,0.29296875,10000,1.189080459770115,0.20441130785958372,0.08108108108108109,307.8591823577881,362.0854616165161,557.2355554904789,93.7737226486206,13.984203338623047,265318.9130859375,0.25
l2l0_n3_k0.4,l2l0,3,0.4,1024,86.23046875,84.1796875,88.28125,-1.07421875,0.5262555233763089,-2.1484375,-0.09765625,10000,1.2701149425287357,0.2920161540851196,0.08108108108108109,325.5702257156372,406.67974948883057,589.258432155475,87.14056015014648,13.796806335449219,265318.9130859375,0.390625
l2l0_n3_k0.6,l2l0,3,0.6,1024,86.71875,84.66796875,88.76953125,-0.5859375,0.5166172520580733,-1.66015625,0.390625,10000,1.3871647509578544,0.41855648752200475,0.08108108108108109,313.3748769760132,370.6563711166382,542.2856414224952,80.53910732269287,13.984441757202148,265318.9130859375,0.59375
l2l0_n3_k1,l2l0,3,1.0,1024,87.109375,85.05859375,89.0625,-0.1953125,0.4571348935079507,-1.07421875,0.68359375,10000,1.6212643678160918,0.6716371543957751,0.08108108108108109,337.0703458786011,421.29671573638916,651.0281465016305,121.03140354156494,13.79692554473877,265318.9130859375,1.0
l2l1l0_n0_k0.25,l2l1l0,0,0.25,1024,86.42578125,84.375,88.4765625,-0.87890625,0.5259764254991859,-1.953125,0.09765625,10000,1.27816091954023,0.27816091954022987,0.0,412.84358501434326,489.6721839904785,708.9152110274881,161.57817840576172,0.0,305725.095703125,0.25
l2l1l0_n0_k0.4,l2l1l0,0,0.4,1024,86.62109375,84.5703125,88.76953125,-0.68359375,0.5055064206544814,-1.66015625,0.29296875,10000,1.403831417624521,0.40383141762452107,0.0,432.25789070129395,542.374849319458,751.9515377935022,182.6094388961792,0.0,305725.095703125,0.39453125
l2l1l0_n0_k0.6,l2l1l0,0,0.6,1024,86.71875,84.66796875,88.8671875,-0.5859375,0.47668213025807527,-1.5625,0.29296875,10000,1.582375478927203,0.5823754789272031,0.0,438.6407136917114,548.3517646789551,735.1086940616369,200.35171508789062,0.0,305725.095703125,0.595703125
l2l1l0_n0_k1,l2l1l0,0,1.0,1024,87.20703125,85.15625,89.2578125,-0.09765625,0.356811615475513,-0.78125,0.5859375,10000,1.9402298850574713,0.9402298850574713,0.0,444.89848613739014,564.8826360702515,747.8575771674514,232.1641445159912,0.0,305725.095703125,1.0
l2l1l0_n2_k0.25,l2l1l0,2,0.25,1024,86.23046875,84.1796875,88.37890625,-1.07421875,0.5257424718200001,-2.1484375,-0.09765625,10000,1.2721264367816092,0.2864488808227465,0.05263157894736842,413.6486053466797,554.2347431182861,764.1128930263221,171.35155200958252,9.312629699707031,305725.095703125,0.25
l2l1l0_n2_k0.4,l2l1l0,2,0.4,1024,86.71875,84.66552734375,88.8671875,-0.5859375,0.4964280334150494,-1.5625,0.390625,10000,1.3952107279693486,0.41601129259931435,0.05263157894736842,420.92180252075195,558.4139823913574,748.7139045260847,186.96093559265137,9.187459945678711,305725.095703125,0.39453125
l2l1l0_n2_k0.6,l2l1l0,2,0.6,1024,86.81640625,84.765625,88.8671875,-0.48828125,0.4453942059764872,-1.3671875,0.390625,10000,1.5700191570881226,0.6000201653559185,0.05263157894736842,404.09374237060547,548.757791519165,743.1651121005416,189.87488746643066,9.328126907348633,305725.095703125,0.595703125
l2l1l0_n2_k1,l2l1l0,2,1.0,1024,87.20703125,85.15625,89.2578125,-0.09765625,0.356811615475513,-0.78125,0.5859375,10000,1.9204022988505747,0.9688445251058682,0.05263157894736842,527.593731880188,691.0239458084106,850.8198484778404,275.4843235015869,9.195446968078613,305725.095703125,1.0
l2l1l0_n3_k0.25,l2l1l0,3,0.25,1024,86.328125,84.27734375,88.4765625,-0.9765625,0.5337248994824115,-2.05078125,0.0,10000,1.2660919540229885,0.28766697732214974,0.08108108108108109,432.04665184020996,566.3670301437378,753.4183484967798,162.7812385559082,13.968706130981445,305725.095703125,0.25
l2l1l0_n3_k0.4,l2l1l0,3,0.4,1024,86.62109375,84.5703125,88.671875,-0.68359375,0.4872851105506872,-1.66015625,0.29296875,10000,1.3865900383141763,0.4179351765558662,0.08108108108108109,414.20304775238037,547.3587512969971,771.7827940359712,180.61745166778564,13.796806335449219,305725.095703125,0.39453125
l2l1l0_n3_k0.6,l2l1l0,3,0.6,1024,86.62109375,84.5703125,88.67431640624999,-0.68359375,0.4476839469144257,-1.5625,0.1953125,10000,1.5576628352490423,0.6028787408097753,0.08108108108108109,440.23454189300537,569.4139003753662,789.4650746602565,201.53915882110596,13.984441757202148,305725.095703125,0.595703125
l2l1l0_n3_k1,l2l1l0,3,1.0,1024,87.109375,85.05859375,89.16015625,-0.1953125,0.31165440566259095,-0.87890625,0.390625,10000,1.900574712643678,0.9735942839391115,0.08108108108108109,444.6249008178711,567.0861005783081,686.7483214009553,231.00781440734863,13.796806335449219,305725.095703125,1.0
