# Raw accuracy rows behind the interleaved table. Kept on shared storage, not in git (2.5 GB).
# Canonical location: /NHNHOME/share/cjpark/AppCorr-adaptive/analysis/results/<dir>/  (mirror: AppCorr-il-engine)
# Regenerate the table: python analysis/experiments/make_eval_table.py --table interleaved --with-latency
# path	rows	bytes	sha256
analysis/results/qwen_vllm_accuracy_il/chartqa_glm-4.6v-fp8_ceiling_c2.jsonl	2500	2226902	7b3e5e21c2b2fdb0
analysis/results/qwen_vllm_accuracy_il/chartqa_glm-4.6v-fp8_floor_c2.jsonl	2500	2228160	2551596b529ea1f4
analysis/results/qwen_vllm_accuracy_il/chartqa_glm-4.6v-fp8_interleaved_g4_c2.jsonl	2500	3392579	a1c86810849dece6
analysis/results/qwen_vllm_accuracy_il/chartqa_glm-4.6v-fp8_interleaved_g4_k0.25_c2.jsonl	2500	3442790	5b2d9b3e111702ee
analysis/results/qwen_vllm_accuracy_il/chartqa_glm-4.6v-fp8_interleaved_g4_k0.50_c2.jsonl	2500	3447830	6a525bea649a667c
analysis/results/qwen_vllm_accuracy_il/chartqa_glm-4.6v-fp8_interleaved_staged_g4_c2.jsonl	2500	5251580	e06744ffaa07e98f
analysis/results/qwen_vllm_accuracy_il/chartqa_glm-4.6v-fp8_interleaved_staged_g4_k0.25_c2.jsonl	2500	5287451	ff98f82e6adeb969
analysis/results/qwen_vllm_accuracy_il/chartqa_glm-4.6v-fp8_interleaved_staged_g4_k0.50_c2.jsonl	2500	5296903	e770fc592c131be8
analysis/results/qwen_vllm_accuracy_il/chartqa_glm-4.6v-fp8_interleaved_unified_g4_c2.jsonl	2500	5677898	aa33de4280306392
analysis/results/qwen_vllm_accuracy_il/chartqa_glm-4.6v-fp8_interleaved_unified_g4_k0.25_c2.jsonl	2500	5722323	a0299c02e3a94458
analysis/results/qwen_vllm_accuracy_il/chartqa_glm-4.6v-fp8_interleaved_unified_g4_k0.50_c2.jsonl	2500	5727895	1893b1a4746dd42a
analysis/results/qwen_vllm_accuracy_il/chartqa_glm-4.6v-fp8_streaming_g4_c2.jsonl	2500	2773376	a3d8752749db98ef
analysis/results/qwen_vllm_accuracy_il/chartqa_glm-4.6v-fp8_streaming_g4_k0.25_c2.jsonl	2500	2834384	871b8699575deaa9
analysis/results/qwen_vllm_accuracy_il/chartqa_glm-4.6v-fp8_streaming_g4_k0.50_c2.jsonl	2500	2836700	5d4ec1cac9a20bb6
analysis/results/qwen_vllm_accuracy_il/chartqa_glm-5.3-flash_ceiling.jsonl	2500	2324543	baa0fe73905d17f3
analysis/results/qwen_vllm_accuracy_il/chartqa_glm-5.3-flash_floor.jsonl	2500	2408611	f1a6b127ee2cb996
analysis/results/qwen_vllm_accuracy_il/chartqa_qwen3.5-122b-a10b-fp8_ceiling_c2.jsonl	2500	2225264	25b1fc8046edc779
analysis/results/qwen_vllm_accuracy_il/chartqa_qwen3.5-122b-a10b-fp8_floor_c2.jsonl	2500	2224253	d1655a7f9cf6c79d
analysis/results/qwen_vllm_accuracy_il/chartqa_qwen3.5-122b-a10b-fp8_interleaved_g4_c2.jsonl	2500	3389850	b1a4781c17b05b55
analysis/results/qwen_vllm_accuracy_il/chartqa_qwen3.5-122b-a10b-fp8_interleaved_g4_k0.25_c2.jsonl	2500	3436278	6093b5045ebf5977
analysis/results/qwen_vllm_accuracy_il/chartqa_qwen3.5-122b-a10b-fp8_interleaved_g4_k0.50_c2.jsonl	2500	3434883	42cf6424ff3d5e46
analysis/results/qwen_vllm_accuracy_il/chartqa_qwen3.5-122b-a10b-fp8_interleaved_staged_g4_c2.jsonl	2500	5245607	83fb1b4a58143b64
analysis/results/qwen_vllm_accuracy_il/chartqa_qwen3.5-122b-a10b-fp8_interleaved_staged_g4_k0.25_c2.jsonl	2500	5280760	2d0e6673a323e2df
analysis/results/qwen_vllm_accuracy_il/chartqa_qwen3.5-122b-a10b-fp8_interleaved_staged_g4_k0.50_c2.jsonl	2500	5281637	b8169deb56576fb1
analysis/results/qwen_vllm_accuracy_il/chartqa_qwen3.5-122b-a10b-fp8_interleaved_unified_g4_c2.jsonl	2500	5676313	f6c925ae5c06583b
analysis/results/qwen_vllm_accuracy_il/chartqa_qwen3.5-122b-a10b-fp8_interleaved_unified_g4_k0.25_c2.jsonl	2500	5717730	fb419d1f41638c70
analysis/results/qwen_vllm_accuracy_il/chartqa_qwen3.5-122b-a10b-fp8_interleaved_unified_g4_k0.50_c2.jsonl	2500	5718697	30ab4daae29c87db
analysis/results/qwen_vllm_accuracy_il/chartqa_qwen3.5-122b-a10b-fp8_streaming_g4_c2.jsonl	2500	2766325	508d377bcdf78e50
analysis/results/qwen_vllm_accuracy_il/chartqa_qwen3.5-122b-a10b-fp8_streaming_g4_k0.25_c2.jsonl	2500	2821915	23e00ff1e5bbf090
analysis/results/qwen_vllm_accuracy_il/chartqa_qwen3.5-122b-a10b-fp8_streaming_g4_k0.50_c2.jsonl	2500	2823402	f282fd72ef276d1d
analysis/results/qwen_vllm_accuracy_il/chartqa_qwen3.5-35b-a3b_ceiling_c4.jsonl	2500	2228532	4953f0270041106a
analysis/results/qwen_vllm_accuracy_il/chartqa_qwen3.5-35b-a3b_floor_c4.jsonl	2500	2227941	2e71c6645c374b80
analysis/results/qwen_vllm_accuracy_il/chartqa_qwen3.5-35b-a3b_interleaved_g4_c4.jsonl	2500	3392532	dd844b3275188ddd
analysis/results/qwen_vllm_accuracy_il/chartqa_qwen3.5-35b-a3b_interleaved_g4_k0.25_c4.jsonl	2500	3434792	10be3b27d08f4d0a
analysis/results/qwen_vllm_accuracy_il/chartqa_qwen3.5-35b-a3b_interleaved_g4_k0.50_c4.jsonl	2500	3435662	91df8b57af5ae16a
analysis/results/qwen_vllm_accuracy_il/chartqa_qwen3.5-35b-a3b_interleaved_staged_g4_c4.jsonl	2500	5257629	dacc7d1f6287e3d8
analysis/results/qwen_vllm_accuracy_il/chartqa_qwen3.5-35b-a3b_interleaved_staged_g4_k0.25_c4.jsonl	2500	5290686	0653dce8c9718449
analysis/results/qwen_vllm_accuracy_il/chartqa_qwen3.5-35b-a3b_interleaved_staged_g4_k0.50_c4.jsonl	2500	5291510	ffd5c8b6e7eb880d
analysis/results/qwen_vllm_accuracy_il/chartqa_qwen3.5-35b-a3b_interleaved_unified_g4_c4.jsonl	2500	5050744	e9796b66fc9c6676
analysis/results/qwen_vllm_accuracy_il/chartqa_qwen3.5-35b-a3b_interleaved_unified_g4_k0.25_c4.jsonl	2500	5097478	b972c38cf2a08cd4
analysis/results/qwen_vllm_accuracy_il/chartqa_qwen3.5-35b-a3b_interleaved_unified_g4_k0.50_c4.jsonl	2500	5099067	9a0cf283173efa8e
analysis/results/qwen_vllm_accuracy_il/chartqa_qwen3.5-35b-a3b_streaming_g4_c4.jsonl	2500	2765482	c218f83d6fb5c3e5
analysis/results/qwen_vllm_accuracy_il/chartqa_qwen3.5-35b-a3b_streaming_g4_k0.25_c4.jsonl	2500	2822126	27862b8b20d9cb02
analysis/results/qwen_vllm_accuracy_il/chartqa_qwen3.5-35b-a3b_streaming_g4_k0.50_c4.jsonl	2500	2823328	bff4b8a77d33a9e0
analysis/results/qwen_vllm_accuracy_il/cvbench_glm-4.6v-fp8_ceiling_c2.jsonl	2638	2737583	7a4453c76e3ad004
analysis/results/qwen_vllm_accuracy_il/cvbench_glm-4.6v-fp8_floor_c2.jsonl	2638	2745208	517220660aa453a7
analysis/results/qwen_vllm_accuracy_il/cvbench_glm-4.6v-fp8_interleaved_g4_c2.jsonl	2638	3982441	363f73d24fe4ffb9
analysis/results/qwen_vllm_accuracy_il/cvbench_glm-4.6v-fp8_interleaved_g4_k0.25_c2.jsonl	2638	4042482	67b976aeb28b2585
analysis/results/qwen_vllm_accuracy_il/cvbench_glm-4.6v-fp8_interleaved_g4_k0.50_c2.jsonl	2638	4039509	4d6c90a9c58e803f
analysis/results/qwen_vllm_accuracy_il/cvbench_glm-4.6v-fp8_interleaved_staged_g4_c2.jsonl	2638	5939252	6bc2e15e49db9931
analysis/results/qwen_vllm_accuracy_il/cvbench_glm-4.6v-fp8_interleaved_staged_g4_k0.25_c2.jsonl	2638	5995312	3ab68a62d925aef1
analysis/results/qwen_vllm_accuracy_il/cvbench_glm-4.6v-fp8_interleaved_staged_g4_k0.50_c2.jsonl	2638	6002053	aef2cf79b2a5a394
analysis/results/qwen_vllm_accuracy_il/cvbench_glm-4.6v-fp8_interleaved_unified_g4_c2.jsonl	2638	6360182	bcd29187c6fd1491
analysis/results/qwen_vllm_accuracy_il/cvbench_glm-4.6v-fp8_interleaved_unified_g4_k0.25_c2.jsonl	2638	6410428	388fcdb6a5b83f2f
analysis/results/qwen_vllm_accuracy_il/cvbench_glm-4.6v-fp8_interleaved_unified_g4_k0.50_c2.jsonl	2638	6422043	4102b560450eb64c
analysis/results/qwen_vllm_accuracy_il/cvbench_glm-4.6v-fp8_streaming_g4_c2.jsonl	2638	3325546	b4a89d1162552fbd
analysis/results/qwen_vllm_accuracy_il/cvbench_glm-4.6v-fp8_streaming_g4_k0.25_c2.jsonl	2638	3395328	40cfae49a01591f8
analysis/results/qwen_vllm_accuracy_il/cvbench_glm-4.6v-fp8_streaming_g4_k0.50_c2.jsonl	2638	3396078	dc70c12a28d382e7
analysis/results/qwen_vllm_accuracy_il/cvbench_glm-5.3-flash_ceiling.jsonl	2638	2353661	667c8ea88f4b3a95
analysis/results/qwen_vllm_accuracy_il/cvbench_glm-5.3-flash_floor.jsonl	2638	2388619	9522e6dd3d681668
analysis/results/qwen_vllm_accuracy_il/cvbench_qwen3.5-122b-a10b-fp8_ceiling_c2.jsonl	2638	2382583	8ef71e1a40693acf
analysis/results/qwen_vllm_accuracy_il/cvbench_qwen3.5-122b-a10b-fp8_floor_c2.jsonl	2638	2382268	679806d3b621dfc3
analysis/results/qwen_vllm_accuracy_il/cvbench_qwen3.5-122b-a10b-fp8_interleaved_g4_c2.jsonl	2638	3610294	d246ad8be59bbe7e
analysis/results/qwen_vllm_accuracy_il/cvbench_qwen3.5-122b-a10b-fp8_interleaved_g4_k0.25_c2.jsonl	2638	3663654	1fc2db6cd14a1199
analysis/results/qwen_vllm_accuracy_il/cvbench_qwen3.5-122b-a10b-fp8_interleaved_g4_k0.50_c2.jsonl	2638	3667589	f42e45c5237bfdee
analysis/results/qwen_vllm_accuracy_il/cvbench_qwen3.5-122b-a10b-fp8_interleaved_staged_g4_c2.jsonl	2638	5568302	cf5bbb60452c69e8
analysis/results/qwen_vllm_accuracy_il/cvbench_qwen3.5-122b-a10b-fp8_interleaved_staged_g4_k0.25_c2.jsonl	2638	5617825	26a90701c2fe0292
analysis/results/qwen_vllm_accuracy_il/cvbench_qwen3.5-122b-a10b-fp8_interleaved_staged_g4_k0.50_c2.jsonl	2638	5624403	c49b4bf400bcb845
analysis/results/qwen_vllm_accuracy_il/cvbench_qwen3.5-122b-a10b-fp8_interleaved_unified_g4_c2.jsonl	2638	5877859	f4e38b52517eb205
analysis/results/qwen_vllm_accuracy_il/cvbench_qwen3.5-122b-a10b-fp8_interleaved_unified_g4_k0.25_c2.jsonl	2638	5927961	d9df48bc187a22cb
analysis/results/qwen_vllm_accuracy_il/cvbench_qwen3.5-122b-a10b-fp8_interleaved_unified_g4_k0.50_c2.jsonl	2638	5934557	a7b4fcfb8124071b
analysis/results/qwen_vllm_accuracy_il/cvbench_qwen3.5-122b-a10b-fp8_streaming_g4_c2.jsonl	2638	2959658	09b6b310be46be14
analysis/results/qwen_vllm_accuracy_il/cvbench_qwen3.5-122b-a10b-fp8_streaming_g4_k0.25_c2.jsonl	2638	3019348	9538c115982ed2a8
analysis/results/qwen_vllm_accuracy_il/cvbench_qwen3.5-122b-a10b-fp8_streaming_g4_k0.50_c2.jsonl	2638	3021550	6e7e8b44f755c0ca
analysis/results/qwen_vllm_accuracy_il/cvbench_qwen3.5-35b-a3b_ceiling_c4.jsonl	2638	2389801	083a242438b85f74
analysis/results/qwen_vllm_accuracy_il/cvbench_qwen3.5-35b-a3b_floor_c4.jsonl	2638	2391091	a4135b9064fb3005
analysis/results/qwen_vllm_accuracy_il/cvbench_qwen3.5-35b-a3b_interleaved_g4_c4.jsonl	2638	3616049	6d5b27707c97df29
analysis/results/qwen_vllm_accuracy_il/cvbench_qwen3.5-35b-a3b_interleaved_g4_k0.25_c4.jsonl	2638	3666005	901ea9d80b4f418c
analysis/results/qwen_vllm_accuracy_il/cvbench_qwen3.5-35b-a3b_interleaved_g4_k0.50_c4.jsonl	2638	3671285	7acc023f0d74dcb5
analysis/results/qwen_vllm_accuracy_il/cvbench_qwen3.5-35b-a3b_interleaved_staged_g4_c4.jsonl	2638	5586098	a2b9db905cc27643
analysis/results/qwen_vllm_accuracy_il/cvbench_qwen3.5-35b-a3b_interleaved_staged_g4_k0.25_c4.jsonl	2638	5631873	1309236709905322
analysis/results/qwen_vllm_accuracy_il/cvbench_qwen3.5-35b-a3b_interleaved_staged_g4_k0.50_c4.jsonl	2638	5638666	70c27782a05da592
analysis/results/qwen_vllm_accuracy_il/cvbench_qwen3.5-35b-a3b_interleaved_unified_g4_c4.jsonl	2638	5237698	b9e6d20f740ad9bc
analysis/results/qwen_vllm_accuracy_il/cvbench_qwen3.5-35b-a3b_interleaved_unified_g4_k0.25_c4.jsonl	2638	5288067	be412959cda4294f
analysis/results/qwen_vllm_accuracy_il/cvbench_qwen3.5-35b-a3b_interleaved_unified_g4_k0.50_c4.jsonl	2638	5295296	69d6257dc35ca1e6
analysis/results/qwen_vllm_accuracy_il/cvbench_qwen3.5-35b-a3b_streaming_g4_c4.jsonl	2638	2964402	1669cc204fe414f0
analysis/results/qwen_vllm_accuracy_il/cvbench_qwen3.5-35b-a3b_streaming_g4_k0.25_c4.jsonl	2638	3026955	8f9dcbce02e79dff
analysis/results/qwen_vllm_accuracy_il/cvbench_qwen3.5-35b-a3b_streaming_g4_k0.50_c4.jsonl	2638	3028718	bd9a7126db84bece
analysis/results/qwen_vllm_accuracy_il/mmvp_glm-4.6v-fp8_ceiling_c2.jsonl	300	273175	15f8cab5c38a8c38
analysis/results/qwen_vllm_accuracy_il/mmvp_glm-4.6v-fp8_floor_c2.jsonl	300	275111	4424a74b8e4f1c10
analysis/results/qwen_vllm_accuracy_il/mmvp_glm-4.6v-fp8_interleaved_g4_c2.jsonl	300	411893	81ab622e195da82a
analysis/results/qwen_vllm_accuracy_il/mmvp_glm-4.6v-fp8_interleaved_g4_k0.25_c2.jsonl	300	419144	c5933d6e21403760
analysis/results/qwen_vllm_accuracy_il/mmvp_glm-4.6v-fp8_interleaved_g4_k0.50_c2.jsonl	300	419126	e7fe9c3308dadd87
analysis/results/qwen_vllm_accuracy_il/mmvp_glm-4.6v-fp8_interleaved_staged_g4_c2.jsonl	300	635349	e8c60328274ffd08
analysis/results/qwen_vllm_accuracy_il/mmvp_glm-4.6v-fp8_interleaved_staged_g4_k0.25_c2.jsonl	300	640809	ea975ecbe2305510
analysis/results/qwen_vllm_accuracy_il/mmvp_glm-4.6v-fp8_interleaved_staged_g4_k0.50_c2.jsonl	300	641215	f40f7f49f80aedde
analysis/results/qwen_vllm_accuracy_il/mmvp_glm-4.6v-fp8_interleaved_unified_g4_c2.jsonl	300	684949	e140acb56c0ac644
analysis/results/qwen_vllm_accuracy_il/mmvp_glm-4.6v-fp8_interleaved_unified_g4_k0.25_c2.jsonl	300	691835	7c99bafe339c1bc4
analysis/results/qwen_vllm_accuracy_il/mmvp_glm-4.6v-fp8_interleaved_unified_g4_k0.50_c2.jsonl	300	692210	1c2e5044fcd9ece0
analysis/results/qwen_vllm_accuracy_il/mmvp_glm-4.6v-fp8_streaming_g4_c2.jsonl	300	342739	c6470c857495243d
analysis/results/qwen_vllm_accuracy_il/mmvp_glm-4.6v-fp8_streaming_g4_k0.25_c2.jsonl	300	349966	0cc593fe7b950cf8
analysis/results/qwen_vllm_accuracy_il/mmvp_glm-4.6v-fp8_streaming_g4_k0.50_c2.jsonl	300	350503	5c3d8a9fd2288718
analysis/results/qwen_vllm_accuracy_il/mmvp_glm-5.3-flash_ceiling_c2.jsonl	300	265269	986f1a0f3439b8f9
analysis/results/qwen_vllm_accuracy_il/mmvp_glm-5.3-flash_floor.jsonl	300	270455	c33e2b1f602fb382
analysis/results/qwen_vllm_accuracy_il/mmvp_qwen3.5-122b-a10b-fp8_ceiling_c2.jsonl	300	272246	0c52c543a9e19c6c
analysis/results/qwen_vllm_accuracy_il/mmvp_qwen3.5-122b-a10b-fp8_floor_c2.jsonl	300	272127	a81efcbd5f7b98c1
analysis/results/qwen_vllm_accuracy_il/mmvp_qwen3.5-122b-a10b-fp8_interleaved_g4_c2.jsonl	300	408235	d387020d34ea08e9
analysis/results/qwen_vllm_accuracy_il/mmvp_qwen3.5-122b-a10b-fp8_interleaved_g4_k0.25_c2.jsonl	300	413411	f5a4ff18fb0d1fa3
analysis/results/qwen_vllm_accuracy_il/mmvp_qwen3.5-122b-a10b-fp8_interleaved_g4_k0.50_c2.jsonl	300	413718	2a1c86eb400ed148
analysis/results/qwen_vllm_accuracy_il/mmvp_qwen3.5-122b-a10b-fp8_interleaved_staged_g4_c2.jsonl	300	629276	07b16be93624aaa3
analysis/results/qwen_vllm_accuracy_il/mmvp_qwen3.5-122b-a10b-fp8_interleaved_staged_g4_k0.25_c2.jsonl	300	634144	a93d1fb9800088ee
analysis/results/qwen_vllm_accuracy_il/mmvp_qwen3.5-122b-a10b-fp8_interleaved_staged_g4_k0.50_c2.jsonl	300	634152	0fe880528f1c72eb
analysis/results/qwen_vllm_accuracy_il/mmvp_qwen3.5-122b-a10b-fp8_interleaved_unified_g4_c2.jsonl	300	679308	eb8813716cf48eb9
analysis/results/qwen_vllm_accuracy_il/mmvp_qwen3.5-122b-a10b-fp8_interleaved_unified_g4_k0.25_c2.jsonl	300	685292	ba93d6b21b09a42c
analysis/results/qwen_vllm_accuracy_il/mmvp_qwen3.5-122b-a10b-fp8_interleaved_unified_g4_k0.50_c2.jsonl	300	684925	4a42c0a35eece138
analysis/results/qwen_vllm_accuracy_il/mmvp_qwen3.5-122b-a10b-fp8_streaming_g4_c2.jsonl	300	335985	affcbf85aa14e06c
analysis/results/qwen_vllm_accuracy_il/mmvp_qwen3.5-122b-a10b-fp8_streaming_g4_k0.25_c2.jsonl	300	342696	fedf9434aed94312
analysis/results/qwen_vllm_accuracy_il/mmvp_qwen3.5-122b-a10b-fp8_streaming_g4_k0.50_c2.jsonl	300	342689	4a31229a7271c38e
analysis/results/qwen_vllm_accuracy_il/mmvp_qwen3.5-35b-a3b_ceiling_c4.jsonl	300	271923	90a9f439d1fb50af
analysis/results/qwen_vllm_accuracy_il/mmvp_qwen3.5-35b-a3b_floor_c4.jsonl	300	271975	ae6245d5f0d2d86d
analysis/results/qwen_vllm_accuracy_il/mmvp_qwen3.5-35b-a3b_interleaved_g4_c4.jsonl	300	406028	25679fcf097af2cf
analysis/results/qwen_vllm_accuracy_il/mmvp_qwen3.5-35b-a3b_interleaved_g4_k0.25_c4.jsonl	300	411501	c9e3039544bc88db
analysis/results/qwen_vllm_accuracy_il/mmvp_qwen3.5-35b-a3b_interleaved_g4_k0.50_c4.jsonl	300	411445	b2858d4ab9805b95
analysis/results/qwen_vllm_accuracy_il/mmvp_qwen3.5-35b-a3b_interleaved_staged_g4_c4.jsonl	300	628780	d83778fa4bcadaf3
analysis/results/qwen_vllm_accuracy_il/mmvp_qwen3.5-35b-a3b_interleaved_staged_g4_k0.25_c4.jsonl	300	633634	d5c4eb475fddb264
analysis/results/qwen_vllm_accuracy_il/mmvp_qwen3.5-35b-a3b_interleaved_staged_g4_k0.50_c4.jsonl	300	633655	f1f1d31fb53d2132
analysis/results/qwen_vllm_accuracy_il/mmvp_qwen3.5-35b-a3b_interleaved_unified_g4_c4.jsonl	300	605858	a9b38642873b369d
analysis/results/qwen_vllm_accuracy_il/mmvp_qwen3.5-35b-a3b_interleaved_unified_g4_k0.25_c4.jsonl	300	612219	39bb83c21f4ffb56
analysis/results/qwen_vllm_accuracy_il/mmvp_qwen3.5-35b-a3b_interleaved_unified_g4_k0.50_c4.jsonl	300	612386	81b5a10c5e615e6e
analysis/results/qwen_vllm_accuracy_il/mmvp_qwen3.5-35b-a3b_streaming_g4_c4.jsonl	300	335036	bb7247e7d259531c
analysis/results/qwen_vllm_accuracy_il/mmvp_qwen3.5-35b-a3b_streaming_g4_k0.25_c4.jsonl	300	341869	5a5c543ed4aaf94b
analysis/results/qwen_vllm_accuracy_il/mmvp_qwen3.5-35b-a3b_streaming_g4_k0.50_c4.jsonl	300	341798	39b7139be66c0d40
analysis/results/qwen_vllm_accuracy_il/realworldqa_glm-4.6v-fp8_ceiling_c2.jsonl	765	693561	f24b0bde1a5e5273
analysis/results/qwen_vllm_accuracy_il/realworldqa_glm-4.6v-fp8_floor_c2.jsonl	765	693720	ff03bfa3197f5a75
analysis/results/qwen_vllm_accuracy_il/realworldqa_glm-4.6v-fp8_interleaved_g4_c2.jsonl	765	1058869	f20078b589e26160
analysis/results/qwen_vllm_accuracy_il/realworldqa_glm-4.6v-fp8_interleaved_g4_k0.25_c2.jsonl	765	1074950	b36cb315f7edeeb9
analysis/results/qwen_vllm_accuracy_il/realworldqa_glm-4.6v-fp8_interleaved_g4_k0.50_c2.jsonl	765	1074620	f2e6eb9c221b9798
analysis/results/qwen_vllm_accuracy_il/realworldqa_glm-4.6v-fp8_interleaved_staged_g4_c2.jsonl	765	1632015	8a484551f5407244
analysis/results/qwen_vllm_accuracy_il/realworldqa_glm-4.6v-fp8_interleaved_staged_g4_k0.25_c2.jsonl	765	1647609	26821d4efc3eb3a4
analysis/results/qwen_vllm_accuracy_il/realworldqa_glm-4.6v-fp8_interleaved_staged_g4_k0.50_c2.jsonl	765	1656035	b70de8ad5f3a9f3b
analysis/results/qwen_vllm_accuracy_il/realworldqa_glm-4.6v-fp8_interleaved_unified_g4_c2.jsonl	765	1739705	3703fb45f52dd9fa
analysis/results/qwen_vllm_accuracy_il/realworldqa_glm-4.6v-fp8_interleaved_unified_g4_k0.25_c2.jsonl	765	1745994	67bdfecb77615fee
analysis/results/qwen_vllm_accuracy_il/realworldqa_glm-4.6v-fp8_interleaved_unified_g4_k0.50_c2.jsonl	765	1746910	3bd344a0f8575275
analysis/results/qwen_vllm_accuracy_il/realworldqa_glm-4.6v-fp8_streaming_g4_c2.jsonl	765	870894	bd49618524bb7a32
analysis/results/qwen_vllm_accuracy_il/realworldqa_glm-4.6v-fp8_streaming_g4_k0.25_c2.jsonl	765	886993	3bb5bd5f2eeb8918
analysis/results/qwen_vllm_accuracy_il/realworldqa_glm-4.6v-fp8_streaming_g4_k0.50_c2.jsonl	765	887104	95f1f8c3d69c4f37
analysis/results/qwen_vllm_accuracy_il/realworldqa_glm-5.3-flash_ceiling_c2.jsonl	765	688331	dfb10851e3734dd4
analysis/results/qwen_vllm_accuracy_il/realworldqa_glm-5.3-flash_floor_c2.jsonl	765	686167	1352f73e1707978b
analysis/results/qwen_vllm_accuracy_il/realworldqa_qwen3.5-122b-a10b-fp8_ceiling_c2.jsonl	765	694804	b0c2da6020388558
analysis/results/qwen_vllm_accuracy_il/realworldqa_qwen3.5-122b-a10b-fp8_floor_c2.jsonl	765	694350	9324b233b1eb3c76
analysis/results/qwen_vllm_accuracy_il/realworldqa_qwen3.5-122b-a10b-fp8_interleaved_g4_c2.jsonl	765	1056620	05a0db8a55a162ac
analysis/results/qwen_vllm_accuracy_il/realworldqa_qwen3.5-122b-a10b-fp8_interleaved_g4_k0.25_c2.jsonl	765	1070682	044e0496b0339161
analysis/results/qwen_vllm_accuracy_il/realworldqa_qwen3.5-122b-a10b-fp8_interleaved_g4_k0.50_c2.jsonl	765	1072493	7263c35a2c22a331
analysis/results/qwen_vllm_accuracy_il/realworldqa_qwen3.5-122b-a10b-fp8_interleaved_staged_g4_c2.jsonl	765	1628250	c0e6e6acca46de03
analysis/results/qwen_vllm_accuracy_il/realworldqa_qwen3.5-122b-a10b-fp8_interleaved_staged_g4_k0.25_c2.jsonl	765	1641494	022fdf5abcb3dcaa
analysis/results/qwen_vllm_accuracy_il/realworldqa_qwen3.5-122b-a10b-fp8_interleaved_staged_g4_k0.50_c2.jsonl	765	1645332	1c0db187c6dfcf17
analysis/results/qwen_vllm_accuracy_il/realworldqa_qwen3.5-122b-a10b-fp8_interleaved_unified_g4_c2.jsonl	765	1659991	f6b89d99eaf927a5
analysis/results/qwen_vllm_accuracy_il/realworldqa_qwen3.5-122b-a10b-fp8_interleaved_unified_g4_k0.25_c2.jsonl	765	1675579	fd077ad3e38a7da5
analysis/results/qwen_vllm_accuracy_il/realworldqa_qwen3.5-122b-a10b-fp8_interleaved_unified_g4_k0.50_c2.jsonl	765	1678735	a03aee9121aaf0fe
analysis/results/qwen_vllm_accuracy_il/realworldqa_qwen3.5-122b-a10b-fp8_streaming_g4_c2.jsonl	765	867115	1f53d14e057c4a57
analysis/results/qwen_vllm_accuracy_il/realworldqa_qwen3.5-122b-a10b-fp8_streaming_g4_k0.25_c2.jsonl	765	884788	1bd2b4a51591ea6f
analysis/results/qwen_vllm_accuracy_il/realworldqa_qwen3.5-122b-a10b-fp8_streaming_g4_k0.50_c2.jsonl	765	884862	201eed599fb3a237
analysis/results/qwen_vllm_accuracy_il/realworldqa_qwen3.5-35b-a3b_ceiling_c4.jsonl	765	662424	4bbc9faf4766cada
analysis/results/qwen_vllm_accuracy_il/realworldqa_qwen3.5-35b-a3b_floor_c4.jsonl	765	661478	f6a2792f5f73a23a
analysis/results/qwen_vllm_accuracy_il/realworldqa_qwen3.5-35b-a3b_interleaved_g4_c4.jsonl	765	988291	824bb2c058cd13a5
analysis/results/qwen_vllm_accuracy_il/realworldqa_qwen3.5-35b-a3b_interleaved_g4_k0.25_c4.jsonl	765	1004799	280a603e32e9b42c
analysis/results/qwen_vllm_accuracy_il/realworldqa_qwen3.5-35b-a3b_interleaved_g4_k0.50_c4.jsonl	765	1008162	15641b3a641545ca
analysis/results/qwen_vllm_accuracy_il/realworldqa_qwen3.5-35b-a3b_interleaved_staged_g4_c4.jsonl	765	1015576	3bd3ea6e8c992201
analysis/results/qwen_vllm_accuracy_il/realworldqa_qwen3.5-35b-a3b_interleaved_staged_g4_k0.25_c4.jsonl	765	1030846	bb0db37cfd3aa089
analysis/results/qwen_vllm_accuracy_il/realworldqa_qwen3.5-35b-a3b_interleaved_staged_g4_k0.50_c4.jsonl	765	1033601	e19b1b8f77a9024e
analysis/results/qwen_vllm_accuracy_il/realworldqa_qwen3.5-35b-a3b_interleaved_unified_g4_c4.jsonl	765	1394204	defd29f0198d5049
analysis/results/qwen_vllm_accuracy_il/realworldqa_qwen3.5-35b-a3b_interleaved_unified_g4_k0.25_c4.jsonl	765	1411504	e8e3012334a4b6c8
analysis/results/qwen_vllm_accuracy_il/realworldqa_qwen3.5-35b-a3b_interleaved_unified_g4_k0.50_c4.jsonl	765	1413613	8561fc876cb8f684
analysis/results/qwen_vllm_accuracy_il/realworldqa_qwen3.5-35b-a3b_streaming_g4_c4.jsonl	765	803065	abaac345626f7ba2
analysis/results/qwen_vllm_accuracy_il/realworldqa_qwen3.5-35b-a3b_streaming_g4_k0.25_c4.jsonl	765	820103	f3b6501bd7ecae67
analysis/results/qwen_vllm_accuracy_il/realworldqa_qwen3.5-35b-a3b_streaming_g4_k0.50_c4.jsonl	765	820090	1091f79d5b6d030b
analysis/results/qwen_vllm_accuracy_il_adaptive/chartqa_glm-4.6v-fp8_interleaved_unified_g4_auto0.0124917_c2.jsonl	2500	6180566	fd66ff5dad104db8
analysis/results/qwen_vllm_accuracy_il_adaptive/chartqa_glm-4.6v-fp8_interleaved_unified_g4_auto0.0776204_c2.jsonl	2500	6168389	e4bd5104ce2a0154
analysis/results/qwen_vllm_accuracy_il_adaptive/chartqa_glm-4.6v-fp8_interleaved_unified_g4_k0.25_c2.jsonl	2500	5722685	4b4dd9b9ad1106f0
analysis/results/qwen_vllm_accuracy_il_adaptive/chartqa_glm-4.6v-fp8_interleaved_unified_g4_k0.50_c2.jsonl	2500	5729058	8f83aa4729be6a7b
analysis/results/qwen_vllm_accuracy_il_adaptive/chartqa_glm-5.3-flash_interleaved_unified_g4_auto0.018935.jsonl	2500	6257606	1edc734c5c2bb0ee
analysis/results/qwen_vllm_accuracy_il_adaptive/chartqa_glm-5.3-flash_interleaved_unified_g4_auto0.104678.jsonl	2500	6266158	d87ce264c4656ffa
analysis/results/qwen_vllm_accuracy_il_adaptive/chartqa_qwen3.5-122b-a10b-fp8_interleaved_unified_g4_auto0.0285392_c2.jsonl	2500	6164714	2200d89b450e69a0
analysis/results/qwen_vllm_accuracy_il_adaptive/chartqa_qwen3.5-122b-a10b-fp8_interleaved_unified_g4_auto0.0855516_c2.jsonl	2500	6159967	f88d9201e8d9dee6
analysis/results/qwen_vllm_accuracy_il_adaptive/chartqa_qwen3.5-122b-a10b-fp8_interleaved_unified_g4_k0.25_c2.jsonl	2500	5718658	22001c1477382a5b
analysis/results/qwen_vllm_accuracy_il_adaptive/chartqa_qwen3.5-122b-a10b-fp8_interleaved_unified_g4_k0.50_c2.jsonl	2500	5719126	be22534fb23b878c
analysis/results/qwen_vllm_accuracy_il_adaptive/chartqa_qwen3.5-35b-a3b_interleaved_unified_g4_auto0.027817_c4.jsonl	2500	5545391	3b5ade440f86dc0a
analysis/results/qwen_vllm_accuracy_il_adaptive/chartqa_qwen3.5-35b-a3b_interleaved_unified_g4_auto0.0849472_c4.jsonl	2500	5542007	da4d92680b6dbb2a
analysis/results/qwen_vllm_accuracy_il_adaptive/chartqa_qwen3.5-35b-a3b_interleaved_unified_g4_k0.25_c4.jsonl	2500	5100002	b0a13c1a71e1a19e
analysis/results/qwen_vllm_accuracy_il_adaptive/chartqa_qwen3.5-35b-a3b_interleaved_unified_g4_k0.50_c4.jsonl	2500	5101280	07f891451712aecf
analysis/results/qwen_vllm_accuracy_il_adaptive/cvbench_glm-4.6v-fp8_interleaved_unified_g4_auto0.029684_c2.jsonl	2638	6890193	e6efcdfabec94bcd
analysis/results/qwen_vllm_accuracy_il_adaptive/cvbench_glm-4.6v-fp8_interleaved_unified_g4_auto0.0625863_c2.jsonl	2638	6877185	7ef5d0fb91d66222
analysis/results/qwen_vllm_accuracy_il_adaptive/cvbench_glm-4.6v-fp8_interleaved_unified_g4_k0.25_c2.jsonl	2638	6411832	8c396d40ab149b29
analysis/results/qwen_vllm_accuracy_il_adaptive/cvbench_glm-4.6v-fp8_interleaved_unified_g4_k0.50_c2.jsonl	2638	6429445	0ac7414955bcc9df
analysis/results/qwen_vllm_accuracy_il_adaptive/cvbench_glm-5.3-flash_interleaved_unified_g4_auto0.0369029.jsonl	2638	6547754	23efcb4d6833e56f
analysis/results/qwen_vllm_accuracy_il_adaptive/cvbench_glm-5.3-flash_interleaved_unified_g4_auto0.0756399.jsonl	2638	6539565	573c7f83fa214eba
analysis/results/qwen_vllm_accuracy_il_adaptive/cvbench_glm-5.3-flash_interleaved_unified_g4_k0.25.jsonl	2638	6078963	729595cbbfdf819b
analysis/results/qwen_vllm_accuracy_il_adaptive/cvbench_glm-5.3-flash_interleaved_unified_g4_k0.50.jsonl	2641	6086009	4f69459f065ea51a
analysis/results/qwen_vllm_accuracy_il_adaptive/cvbench_qwen3.5-122b-a10b-fp8_interleaved_unified_g4_auto0.0338603_c2.jsonl	2638	6342812	e57ea32393be365b
analysis/results/qwen_vllm_accuracy_il_adaptive/cvbench_qwen3.5-122b-a10b-fp8_interleaved_unified_g4_auto0.0687403_c2.jsonl	2638	6331745	ae73ca4ae7f86ea0
analysis/results/qwen_vllm_accuracy_il_adaptive/cvbench_qwen3.5-122b-a10b-fp8_interleaved_unified_g4_k0.25_c2.jsonl	2638	5873287	9b8ed570b2a770b9
analysis/results/qwen_vllm_accuracy_il_adaptive/cvbench_qwen3.5-122b-a10b-fp8_interleaved_unified_g4_k0.50_c2.jsonl	2638	5881857	a6396c3da9acdcd0
analysis/results/qwen_vllm_accuracy_il_adaptive/cvbench_qwen3.5-35b-a3b_interleaved_unified_g4_auto0.0351213_c4.jsonl	2638	5702733	0adcca6eb206c296
analysis/results/qwen_vllm_accuracy_il_adaptive/cvbench_qwen3.5-35b-a3b_interleaved_unified_g4_auto0.0698445_c4.jsonl	2638	5694602	317e5df5c450ef26
analysis/results/qwen_vllm_accuracy_il_adaptive/cvbench_qwen3.5-35b-a3b_interleaved_unified_g4_k0.25_c4.jsonl	2638	5235100	82a884646b820544
analysis/results/qwen_vllm_accuracy_il_adaptive/cvbench_qwen3.5-35b-a3b_interleaved_unified_g4_k0.50_c4.jsonl	2638	5242161	32285f665359c0ba
analysis/results/qwen_vllm_accuracy_il_adaptive/mmvp_glm-4.6v-fp8_interleaved_unified_g4_auto0.0340704_c2.jsonl	300	730133	dd1c9ae724a09bcc
analysis/results/qwen_vllm_accuracy_il_adaptive/mmvp_glm-4.6v-fp8_interleaved_unified_g4_auto0.062538_c2.jsonl	300	728739	ff9ecd439401ebc4
analysis/results/qwen_vllm_accuracy_il_adaptive/mmvp_glm-4.6v-fp8_interleaved_unified_g4_k0.25_c2.jsonl	300	680755	38a7d9e1b2dd0938
analysis/results/qwen_vllm_accuracy_il_adaptive/mmvp_glm-4.6v-fp8_interleaved_unified_g4_k0.50_c2.jsonl	300	680939	2d9799258f5cd493
analysis/results/qwen_vllm_accuracy_il_adaptive/mmvp_glm-5.3-flash_interleaved_unified_g4_auto0.043362.jsonl	300	733737	2e86844782347886
analysis/results/qwen_vllm_accuracy_il_adaptive/mmvp_glm-5.3-flash_interleaved_unified_g4_auto0.075766.jsonl	300	730314	6cdb198b12af92f8
analysis/results/qwen_vllm_accuracy_il_adaptive/mmvp_glm-5.3-flash_interleaved_unified_g4_k0.25.jsonl	300	682911	e3be71b7e63ca18c
analysis/results/qwen_vllm_accuracy_il_adaptive/mmvp_glm-5.3-flash_interleaved_unified_g4_k0.50.jsonl	300	684281	8d791c720827d22e
analysis/results/qwen_vllm_accuracy_il_adaptive/mmvp_qwen3.5-122b-a10b-fp8_interleaved_unified_g4_auto0.0341876_c2.jsonl	300	728823	6eff2a65252e9c97
analysis/results/qwen_vllm_accuracy_il_adaptive/mmvp_qwen3.5-122b-a10b-fp8_interleaved_unified_g4_auto0.0623163_c2.jsonl	300	727427	9555a5a2c489f346
analysis/results/qwen_vllm_accuracy_il_adaptive/mmvp_qwen3.5-122b-a10b-fp8_interleaved_unified_g4_k0.25_c2.jsonl	300	679163	d498287515d98be4
analysis/results/qwen_vllm_accuracy_il_adaptive/mmvp_qwen3.5-122b-a10b-fp8_interleaved_unified_g4_k0.50_c2.jsonl	300	679199	36c439a6bcfc6ad7
analysis/results/qwen_vllm_accuracy_il_adaptive/mmvp_qwen3.5-35b-a3b_interleaved_unified_g4_auto0.0353794_c4.jsonl	300	655539	92faedff30e1399d
analysis/results/qwen_vllm_accuracy_il_adaptive/mmvp_qwen3.5-35b-a3b_interleaved_unified_g4_auto0.0622775_c4.jsonl	300	654295	2b1a736f474e7d35
analysis/results/qwen_vllm_accuracy_il_adaptive/mmvp_qwen3.5-35b-a3b_interleaved_unified_g4_k0.25_c4.jsonl	300	605919	975343ea01b3ff1a
analysis/results/qwen_vllm_accuracy_il_adaptive/mmvp_qwen3.5-35b-a3b_interleaved_unified_g4_k0.50_c4.jsonl	300	606178	c0b1e12cee0644d1
analysis/results/qwen_vllm_accuracy_il_adaptive/realworldqa_glm-4.6v-fp8_interleaved_unified_g4_auto0.014553_c2.jsonl	765	1872608	791a16a3b9835931
analysis/results/qwen_vllm_accuracy_il_adaptive/realworldqa_glm-4.6v-fp8_interleaved_unified_g4_auto0.0458791_c2.jsonl	765	1869832	1a3972d0da71d5b4
analysis/results/qwen_vllm_accuracy_il_adaptive/realworldqa_glm-4.6v-fp8_interleaved_unified_g4_k0.25_c2.jsonl	765	1730568	655c20dbdf49e347
analysis/results/qwen_vllm_accuracy_il_adaptive/realworldqa_glm-4.6v-fp8_interleaved_unified_g4_k0.50_c2.jsonl	765	1731305	9d52794b33a04477
analysis/results/qwen_vllm_accuracy_il_adaptive/realworldqa_glm-5.3-flash_interleaved_unified_g4_auto0.0199006.jsonl	765	1919388	73db91ccd1383924
analysis/results/qwen_vllm_accuracy_il_adaptive/realworldqa_glm-5.3-flash_interleaved_unified_g4_auto0.0547044.jsonl	765	1912397	d2bc40181b3a573d
analysis/results/qwen_vllm_accuracy_il_adaptive/realworldqa_glm-5.3-flash_interleaved_unified_g4_k0.25.jsonl	765	1773885	10f995d7c46d9d53
analysis/results/qwen_vllm_accuracy_il_adaptive/realworldqa_glm-5.3-flash_interleaved_unified_g4_k0.50.jsonl	765	1778489	b17bb315957419e5
analysis/results/qwen_vllm_accuracy_il_adaptive/realworldqa_qwen3.5-122b-a10b-fp8_interleaved_unified_g4_auto0.0171636_c2.jsonl	765	1802348	36bc0fd347ff48f6
analysis/results/qwen_vllm_accuracy_il_adaptive/realworldqa_qwen3.5-122b-a10b-fp8_interleaved_unified_g4_auto0.0476059_c2.jsonl	765	1798584	e41c2fba8a4a033c
analysis/results/qwen_vllm_accuracy_il_adaptive/realworldqa_qwen3.5-122b-a10b-fp8_interleaved_unified_g4_k0.25_c2.jsonl	765	1659890	33bd60f16b3f8204
analysis/results/qwen_vllm_accuracy_il_adaptive/realworldqa_qwen3.5-122b-a10b-fp8_interleaved_unified_g4_k0.50_c2.jsonl	765	1663327	162382e333d703d7
analysis/results/qwen_vllm_accuracy_il_adaptive/realworldqa_qwen3.5-35b-a3b_interleaved_unified_g4_auto0.0176733_c4.jsonl	765	1537572	cae16360c367b578
analysis/results/qwen_vllm_accuracy_il_adaptive/realworldqa_qwen3.5-35b-a3b_interleaved_unified_g4_auto0.0501575_c4.jsonl	765	1535434	bdad0f69581ed2ca
analysis/results/qwen_vllm_accuracy_il_adaptive/realworldqa_qwen3.5-35b-a3b_interleaved_unified_g4_k0.25_c4.jsonl	765	1397866	4905d2f375c6f78f
analysis/results/qwen_vllm_accuracy_il_adaptive/realworldqa_qwen3.5-35b-a3b_interleaved_unified_g4_k0.50_c4.jsonl	765	1399017	7d199614f210c8b4
analysis/results/qwen_vllm_accuracy_il_pyr/infovqa_glm-4.6v-fp8_ceiling_c2.jsonl	2801	2566386	78ce16564a9a95df
analysis/results/qwen_vllm_accuracy_il_pyr/infovqa_glm-4.6v-fp8_floor_c2.jsonl	2801	2562975	95f22a7e625f7ec2
analysis/results/qwen_vllm_accuracy_il_pyr/infovqa_glm-4.6v-fp8_interleaved_g4_c2.jsonl	2801	3928570	4124b5def881cd41
analysis/results/qwen_vllm_accuracy_il_pyr/infovqa_glm-4.6v-fp8_interleaved_g4_k0.25_c2.jsonl	2801	3983049	03661b66ccb8864c
analysis/results/qwen_vllm_accuracy_il_pyr/infovqa_glm-4.6v-fp8_interleaved_g4_k0.50_c2.jsonl	2801	3991587	32bd34485805cd92
analysis/results/qwen_vllm_accuracy_il_pyr/infovqa_glm-4.6v-fp8_interleaved_staged_g4_c2.jsonl	2801	6034012	8981dac582a869c3
analysis/results/qwen_vllm_accuracy_il_pyr/infovqa_glm-4.6v-fp8_interleaved_staged_g4_k0.25_c2.jsonl	2801	6081495	c9ac1c4607cec90c
analysis/results/qwen_vllm_accuracy_il_pyr/infovqa_glm-4.6v-fp8_interleaved_staged_g4_k0.50_c2.jsonl	2801	6089912	89209e18cba12a83
analysis/results/qwen_vllm_accuracy_il_pyr/infovqa_glm-4.6v-fp8_interleaved_unified_g4_c2.jsonl	2801	6036597	759965cb5baf8ef0
analysis/results/qwen_vllm_accuracy_il_pyr/infovqa_glm-4.6v-fp8_interleaved_unified_g4_k0.25_c2.jsonl	2801	6097700	215e2d1be404485f
analysis/results/qwen_vllm_accuracy_il_pyr/infovqa_glm-4.6v-fp8_interleaved_unified_g4_k0.50_c2.jsonl	2801	6109821	8ef93ebf4b17ca31
analysis/results/qwen_vllm_accuracy_il_pyr/infovqa_glm-4.6v-fp8_streaming_g4_c2.jsonl	2801	3209904	14dc56e409c28693
analysis/results/qwen_vllm_accuracy_il_pyr/infovqa_glm-4.6v-fp8_streaming_g4_k0.25_c2.jsonl	2801	3282012	37fcfd875e015ec1
analysis/results/qwen_vllm_accuracy_il_pyr/infovqa_glm-4.6v-fp8_streaming_g4_k0.50_c2.jsonl	2801	3283613	bfa65c0f7a3e9141
analysis/results/qwen_vllm_accuracy_il_pyr/infovqa_glm-5.3-flash_ceiling.jsonl	2801	2235627	3648cd57669816b6
analysis/results/qwen_vllm_accuracy_il_pyr/infovqa_glm-5.3-flash_floor.jsonl	2801	2315906	384aa17774742cd1
analysis/results/qwen_vllm_accuracy_il_pyr/infovqa_qwen3.5-122b-a10b-fp8_ceiling_c2.jsonl	2801	2257727	a00d08a87b89e1bd
analysis/results/qwen_vllm_accuracy_il_pyr/infovqa_qwen3.5-122b-a10b-fp8_floor_c2.jsonl	2801	2258690	ff8581e32cbb21ef
analysis/results/qwen_vllm_accuracy_il_pyr/infovqa_qwen3.5-122b-a10b-fp8_interleaved_g4_c2.jsonl	2801	3440589	8f582792580ea1bc
analysis/results/qwen_vllm_accuracy_il_pyr/infovqa_qwen3.5-122b-a10b-fp8_interleaved_g4_k0.25_c2.jsonl	2801	3215962	a15f0df543a52da6
analysis/results/qwen_vllm_accuracy_il_pyr/infovqa_qwen3.5-122b-a10b-fp8_interleaved_g4_k0.50_c2.jsonl	2801	3220191	230da3252fe95df6
analysis/results/qwen_vllm_accuracy_il_pyr/infovqa_qwen3.5-122b-a10b-fp8_interleaved_staged_g4_c2.jsonl	2801	5286669	3b586b0632ad5485
analysis/results/qwen_vllm_accuracy_il_pyr/infovqa_qwen3.5-122b-a10b-fp8_interleaved_staged_g4_k0.25_c2.jsonl	2801	4824715	95f72a60447cf75d
analysis/results/qwen_vllm_accuracy_il_pyr/infovqa_qwen3.5-122b-a10b-fp8_interleaved_staged_g4_k0.50_c2.jsonl	2801	4832268	d432859479df4a7f
analysis/results/qwen_vllm_accuracy_il_pyr/infovqa_qwen3.5-122b-a10b-fp8_interleaved_unified_g4_c2.jsonl	2801	5296213	a7f0a5f7fec88ad1
analysis/results/qwen_vllm_accuracy_il_pyr/infovqa_qwen3.5-122b-a10b-fp8_interleaved_unified_g4_k0.25_c2.jsonl	2801	5260697	1fb2b36d1d0f785c
analysis/results/qwen_vllm_accuracy_il_pyr/infovqa_qwen3.5-122b-a10b-fp8_interleaved_unified_g4_k0.50_c2.jsonl	2801	5271361	13e60fa749ccfd2b
analysis/results/qwen_vllm_accuracy_il_pyr/infovqa_qwen3.5-122b-a10b-fp8_streaming_g4_c2.jsonl	2801	2817155	d01e03a585808257
analysis/results/qwen_vllm_accuracy_il_pyr/infovqa_qwen3.5-122b-a10b-fp8_streaming_g4_k0.25_c2.jsonl	2801	2880065	ed9e4988bcc5f125
analysis/results/qwen_vllm_accuracy_il_pyr/infovqa_qwen3.5-122b-a10b-fp8_streaming_g4_k0.50_c2.jsonl	2801	2881704	d5c48902c44adf73
analysis/results/qwen_vllm_accuracy_il_pyr/infovqa_qwen3.5-35b-a3b_ceiling_c4.jsonl	2801	2417035	9f2b107491472194
analysis/results/qwen_vllm_accuracy_il_pyr/infovqa_qwen3.5-35b-a3b_floor_c4.jsonl	2801	2417513	c06e8d2a541c1cf8
analysis/results/qwen_vllm_accuracy_il_pyr/infovqa_qwen3.5-35b-a3b_interleaved_g4_c4.jsonl	2801	3616873	c2ff530b47144040
analysis/results/qwen_vllm_accuracy_il_pyr/infovqa_qwen3.5-35b-a3b_interleaved_g4_k0.25_c4.jsonl	2801	3673859	60f10452c1886c83
analysis/results/qwen_vllm_accuracy_il_pyr/infovqa_qwen3.5-35b-a3b_interleaved_g4_k0.50_c4.jsonl	2801	3679348	672ca216908858d8
analysis/results/qwen_vllm_accuracy_il_pyr/infovqa_qwen3.5-35b-a3b_interleaved_staged_g4_c4.jsonl	2801	5977850	93b272b0b5ebb7b7
analysis/results/qwen_vllm_accuracy_il_pyr/infovqa_qwen3.5-35b-a3b_interleaved_staged_g4_k0.25_c4.jsonl	2801	6023109	62c2f461ed865237
analysis/results/qwen_vllm_accuracy_il_pyr/infovqa_qwen3.5-35b-a3b_interleaved_staged_g4_k0.50_c4.jsonl	2801	6032005	db905c6108970ba0
analysis/results/qwen_vllm_accuracy_il_pyr/infovqa_qwen3.5-35b-a3b_interleaved_unified_g4_c4.jsonl	2801	5094684	e6e158043e79b4ff
analysis/results/qwen_vllm_accuracy_il_pyr/infovqa_qwen3.5-35b-a3b_interleaved_unified_g4_k0.25_c4.jsonl	2801	5160742	36566915e0be37dd
analysis/results/qwen_vllm_accuracy_il_pyr/infovqa_qwen3.5-35b-a3b_interleaved_unified_g4_k0.50_c4.jsonl	2801	5168241	4bd1b4fd5bcac08d
analysis/results/qwen_vllm_accuracy_il_pyr/infovqa_qwen3.5-35b-a3b_streaming_g4_c4.jsonl	2801	3169302	fda3be23a3e5453c
analysis/results/qwen_vllm_accuracy_il_pyr/infovqa_qwen3.5-35b-a3b_streaming_g4_k0.25_c4.jsonl	2801	3238901	08cb05e7762a4837
analysis/results/qwen_vllm_accuracy_il_pyr/infovqa_qwen3.5-35b-a3b_streaming_g4_k0.50_c4.jsonl	2801	3240700	d38c638fb14074ab
analysis/results/qwen_vllm_accuracy_il_pyr/refcoco_glm-4.6v-fp8_ceiling_c2.jsonl	8811	8701496	775d63c31f6b284f
analysis/results/qwen_vllm_accuracy_il_pyr/refcoco_glm-4.6v-fp8_floor_c2.jsonl	8811	8701853	851cd1b78bf3fd33
analysis/results/qwen_vllm_accuracy_il_pyr/refcoco_glm-4.6v-fp8_interleaved_g4_c2.jsonl	8811	12783566	6c82c1bf0bd27a67
analysis/results/qwen_vllm_accuracy_il_pyr/refcoco_glm-4.6v-fp8_interleaved_g4_k0.25_c2.jsonl	8811	12955871	582f5bcef665867c
analysis/results/qwen_vllm_accuracy_il_pyr/refcoco_glm-4.6v-fp8_interleaved_g4_k0.50_c2.jsonl	8811	12969685	8f29968105a9d5da
analysis/results/qwen_vllm_accuracy_il_pyr/refcoco_glm-4.6v-fp8_interleaved_staged_g4_c2.jsonl	8811	19307961	729eae62d5b790b8
analysis/results/qwen_vllm_accuracy_il_pyr/refcoco_glm-4.6v-fp8_interleaved_staged_g4_k0.25_c2.jsonl	8811	19473548	b0b991f1bb7c46fb
analysis/results/qwen_vllm_accuracy_il_pyr/refcoco_glm-4.6v-fp8_interleaved_staged_g4_k0.50_c2.jsonl	8811	19481249	ef1b7e16f3ca065d
analysis/results/qwen_vllm_accuracy_il_pyr/refcoco_glm-4.6v-fp8_interleaved_unified_g4_c2.jsonl	8811	20817195	87a8db17cc0936b5
analysis/results/qwen_vllm_accuracy_il_pyr/refcoco_glm-4.6v-fp8_interleaved_unified_g4_k0.25_c2.jsonl	8811	20985362	b2d2405a91986731
analysis/results/qwen_vllm_accuracy_il_pyr/refcoco_glm-4.6v-fp8_interleaved_unified_g4_k0.50_c2.jsonl	8811	21021500	3accc7ec77853886
analysis/results/qwen_vllm_accuracy_il_pyr/refcoco_glm-4.6v-fp8_streaming_g4_c2.jsonl	8811	10628103	ec783720561568f2
analysis/results/qwen_vllm_accuracy_il_pyr/refcoco_glm-4.6v-fp8_streaming_g4_k0.25_c2.jsonl	8811	10828231	b0b33e7385bfc02b
analysis/results/qwen_vllm_accuracy_il_pyr/refcoco_glm-4.6v-fp8_streaming_g4_k0.50_c2.jsonl	8811	10846820	a132403d64b0736c
analysis/results/qwen_vllm_accuracy_il_pyr/refcoco_qwen3.5-122b-a10b-fp8_ceiling_c2.jsonl	8811	8708368	51aa4ac78ac455d5
analysis/results/qwen_vllm_accuracy_il_pyr/refcoco_qwen3.5-122b-a10b-fp8_floor_c2.jsonl	8811	8710870	b14061633b549be5
analysis/results/qwen_vllm_accuracy_il_pyr/refcoco_qwen3.5-122b-a10b-fp8_interleaved_g4_c2.jsonl	8811	12771934	35a9a3c644d8d324
analysis/results/qwen_vllm_accuracy_il_pyr/refcoco_qwen3.5-122b-a10b-fp8_interleaved_g4_k0.25_c2.jsonl	8811	12958504	4220c9825eda63c3
analysis/results/qwen_vllm_accuracy_il_pyr/refcoco_qwen3.5-122b-a10b-fp8_interleaved_g4_k0.50_c2.jsonl	8811	12963294	1dee79d82ae9a98b
analysis/results/qwen_vllm_accuracy_il_pyr/refcoco_qwen3.5-122b-a10b-fp8_interleaved_staged_g4_c2.jsonl	8811	19301356	63ac0bfeec9e1f02
analysis/results/qwen_vllm_accuracy_il_pyr/refcoco_qwen3.5-122b-a10b-fp8_interleaved_staged_g4_k0.25_c2.jsonl	8811	19460329	22752293c1784043
analysis/results/qwen_vllm_accuracy_il_pyr/refcoco_qwen3.5-122b-a10b-fp8_interleaved_staged_g4_k0.50_c2.jsonl	8811	19472578	9f79fd9e200f401f
analysis/results/qwen_vllm_accuracy_il_pyr/refcoco_qwen3.5-122b-a10b-fp8_interleaved_unified_g4_c2.jsonl	8811	20810232	176a8b0939bace43
analysis/results/qwen_vllm_accuracy_il_pyr/refcoco_qwen3.5-122b-a10b-fp8_interleaved_unified_g4_k0.25_c2.jsonl	8811	20975378	81e36c40111afdaa
analysis/results/qwen_vllm_accuracy_il_pyr/refcoco_qwen3.5-122b-a10b-fp8_interleaved_unified_g4_k0.50_c2.jsonl	8811	21016751	8a72157343f5efd3
analysis/results/qwen_vllm_accuracy_il_pyr/refcoco_qwen3.5-122b-a10b-fp8_streaming_g4_c2.jsonl	8811	10615975	ea3faabb726ed78b
analysis/results/qwen_vllm_accuracy_il_pyr/refcoco_qwen3.5-122b-a10b-fp8_streaming_g4_k0.25_c2.jsonl	8811	10800357	0d9e47cca8fc7b96
analysis/results/qwen_vllm_accuracy_il_pyr/refcoco_qwen3.5-122b-a10b-fp8_streaming_g4_k0.50_c2.jsonl	8811	10808102	1ac0701cb772cd52
analysis/results/qwen_vllm_accuracy_il_pyr/refcoco_qwen3.5-35b-a3b_ceiling_c4.jsonl	8811	8714058	016f8b6022ad39be
analysis/results/qwen_vllm_accuracy_il_pyr/refcoco_qwen3.5-35b-a3b_floor_c4.jsonl	8811	8716791	fd29166b051e6aeb
analysis/results/qwen_vllm_accuracy_il_pyr/refcoco_qwen3.5-35b-a3b_interleaved_g4_c4.jsonl	8811	12764759	c4acec63267207c2
analysis/results/qwen_vllm_accuracy_il_pyr/refcoco_qwen3.5-35b-a3b_interleaved_g4_k0.25_c4.jsonl	8811	12921307	cd9ead6371d750b4
analysis/results/qwen_vllm_accuracy_il_pyr/refcoco_qwen3.5-35b-a3b_interleaved_g4_k0.50_c4.jsonl	8811	12935931	c146a5e2c7cd56b2
analysis/results/qwen_vllm_accuracy_il_pyr/refcoco_qwen3.5-35b-a3b_interleaved_staged_g4_c4.jsonl	8811	19328321	668011bef821b09a
analysis/results/qwen_vllm_accuracy_il_pyr/refcoco_qwen3.5-35b-a3b_interleaved_staged_g4_k0.25_c4.jsonl	8811	19495161	98353d0e799d49cf
analysis/results/qwen_vllm_accuracy_il_pyr/refcoco_qwen3.5-35b-a3b_interleaved_staged_g4_k0.50_c4.jsonl	8811	19503598	876af6593264099c
analysis/results/qwen_vllm_accuracy_il_pyr/refcoco_qwen3.5-35b-a3b_interleaved_unified_g4_c4.jsonl	8811	18665540	e58109c38c0d3deb
analysis/results/qwen_vllm_accuracy_il_pyr/refcoco_qwen3.5-35b-a3b_interleaved_unified_g4_k0.25_c4.jsonl	8811	18824908	dcde768f2c231b49
analysis/results/qwen_vllm_accuracy_il_pyr/refcoco_qwen3.5-35b-a3b_interleaved_unified_g4_k0.50_c4.jsonl	8811	18865141	b1d5878e43587b1c
analysis/results/qwen_vllm_accuracy_il_pyr/refcoco_qwen3.5-35b-a3b_streaming_g4_c4.jsonl	8811	10611997	4109761ff3a65d1c
analysis/results/qwen_vllm_accuracy_il_pyr/refcoco_qwen3.5-35b-a3b_streaming_g4_k0.25_c4.jsonl	8811	10795552	d5fad3005e664825
analysis/results/qwen_vllm_accuracy_il_pyr/refcoco_qwen3.5-35b-a3b_streaming_g4_k0.50_c4.jsonl	8811	10804283	904b45e9333a3b08
analysis/results/qwen_vllm_accuracy_il_pyr/textvqa_glm-4.6v-fp8_ceiling_c2.jsonl	5000	5102309	d5300534711b4be7
analysis/results/qwen_vllm_accuracy_il_pyr/textvqa_glm-4.6v-fp8_floor_c2.jsonl	5000	5104542	c351af2bffb1c3f5
analysis/results/qwen_vllm_accuracy_il_pyr/textvqa_glm-4.6v-fp8_interleaved_g4_c2.jsonl	5000	7471423	1f94be4638de83e6
analysis/results/qwen_vllm_accuracy_il_pyr/textvqa_glm-4.6v-fp8_interleaved_g4_k0.25_c2.jsonl	5000	7571566	ee7d21b8dfda1564
analysis/results/qwen_vllm_accuracy_il_pyr/textvqa_glm-4.6v-fp8_interleaved_g4_k0.50_c2.jsonl	5000	7587802	f73eed2c1253b05a
analysis/results/qwen_vllm_accuracy_il_pyr/textvqa_glm-4.6v-fp8_interleaved_staged_g4_c2.jsonl	5000	11192322	4913e796cade8a39
analysis/results/qwen_vllm_accuracy_il_pyr/textvqa_glm-4.6v-fp8_interleaved_staged_g4_k0.25_c2.jsonl	5000	11275388	c6322f9282357635
analysis/results/qwen_vllm_accuracy_il_pyr/textvqa_glm-4.6v-fp8_interleaved_staged_g4_k0.50_c2.jsonl	5000	11314246	075b2144bc177499
analysis/results/qwen_vllm_accuracy_il_pyr/textvqa_glm-4.6v-fp8_interleaved_unified_g4_c2.jsonl	5000	12053794	b777e297b9d11d94
analysis/results/qwen_vllm_accuracy_il_pyr/textvqa_glm-4.6v-fp8_interleaved_unified_g4_k0.25_c2.jsonl	5000	12144533	1f561d83bd775586
analysis/results/qwen_vllm_accuracy_il_pyr/textvqa_glm-4.6v-fp8_interleaved_unified_g4_k0.50_c2.jsonl	5000	12182309	83256e181a20e1f5
analysis/results/qwen_vllm_accuracy_il_pyr/textvqa_glm-4.6v-fp8_streaming_g4_c2.jsonl	5000	6228387	ae490acaa21d35e0
analysis/results/qwen_vllm_accuracy_il_pyr/textvqa_glm-4.6v-fp8_streaming_g4_k0.25_c2.jsonl	5000	6356402	a1430583b9f4799f
analysis/results/qwen_vllm_accuracy_il_pyr/textvqa_glm-4.6v-fp8_streaming_g4_k0.50_c2.jsonl	5000	6358974	026f5608644cb336
analysis/results/qwen_vllm_accuracy_il_pyr/textvqa_glm-5.3-flash_ceiling.jsonl	5000	5144766	993b960560768338
analysis/results/qwen_vllm_accuracy_il_pyr/textvqa_glm-5.3-flash_floor.jsonl	5000	5203612	8a693d55cb378b74
analysis/results/qwen_vllm_accuracy_il_pyr/textvqa_qwen3.5-122b-a10b-fp8_ceiling_c2.jsonl	5000	5068467	0ab259701c0e46de
analysis/results/qwen_vllm_accuracy_il_pyr/textvqa_qwen3.5-122b-a10b-fp8_floor_c2.jsonl	5000	5065411	e9766f4b66e72d0d
analysis/results/qwen_vllm_accuracy_il_pyr/textvqa_qwen3.5-122b-a10b-fp8_interleaved_g4_c2.jsonl	5000	7407516	a391d06d5389aff7
analysis/results/qwen_vllm_accuracy_il_pyr/textvqa_qwen3.5-122b-a10b-fp8_interleaved_g4_k0.25_c2.jsonl	5000	7516744	f5ff3a56e2eaf7aa
analysis/results/qwen_vllm_accuracy_il_pyr/textvqa_qwen3.5-122b-a10b-fp8_interleaved_g4_k0.50_c2.jsonl	5000	7525502	3a420f7400370d6b
analysis/results/qwen_vllm_accuracy_il_pyr/textvqa_qwen3.5-122b-a10b-fp8_interleaved_staged_g4_c2.jsonl	5000	11121267	da17b2eea17fa25c
analysis/results/qwen_vllm_accuracy_il_pyr/textvqa_qwen3.5-122b-a10b-fp8_interleaved_staged_g4_k0.25_c2.jsonl	5000	11206311	92509a75013e8651
analysis/results/qwen_vllm_accuracy_il_pyr/textvqa_qwen3.5-122b-a10b-fp8_interleaved_staged_g4_k0.50_c2.jsonl	5000	11219440	00c225efaa67baae
analysis/results/qwen_vllm_accuracy_il_pyr/textvqa_qwen3.5-122b-a10b-fp8_interleaved_unified_g4_c2.jsonl	5000	11980841	65299aa502f2d5a9
analysis/results/qwen_vllm_accuracy_il_pyr/textvqa_qwen3.5-122b-a10b-fp8_interleaved_unified_g4_k0.25_c2.jsonl	5000	12068168	fe788c7644969546
analysis/results/qwen_vllm_accuracy_il_pyr/textvqa_qwen3.5-122b-a10b-fp8_interleaved_unified_g4_k0.50_c2.jsonl	5000	12080505	04f7d8a1e3b37b69
analysis/results/qwen_vllm_accuracy_il_pyr/textvqa_qwen3.5-122b-a10b-fp8_streaming_g4_c2.jsonl	5000	6161723	97ea9381aaebd29d
analysis/results/qwen_vllm_accuracy_il_pyr/textvqa_qwen3.5-122b-a10b-fp8_streaming_g4_k0.25_c2.jsonl	5000	6306666	8db61180e1cd16dc
analysis/results/qwen_vllm_accuracy_il_pyr/textvqa_qwen3.5-122b-a10b-fp8_streaming_g4_k0.50_c2.jsonl	5000	6311184	03e42bb5dfb889db
analysis/results/qwen_vllm_accuracy_il_pyr/textvqa_qwen3.5-35b-a3b_ceiling_c4.jsonl	5000	4872063	2a9bd7c9ef0b18df
analysis/results/qwen_vllm_accuracy_il_pyr/textvqa_qwen3.5-35b-a3b_floor_c4.jsonl	5000	4869206	73d9655617f7d56d
analysis/results/qwen_vllm_accuracy_il_pyr/textvqa_qwen3.5-35b-a3b_interleaved_g4_c4.jsonl	5000	6969551	32caa2e049f2913f
analysis/results/qwen_vllm_accuracy_il_pyr/textvqa_qwen3.5-35b-a3b_interleaved_g4_k0.25_c4.jsonl	5000	7056689	0fcb6a4a74224029
analysis/results/qwen_vllm_accuracy_il_pyr/textvqa_qwen3.5-35b-a3b_interleaved_g4_k0.50_c4.jsonl	5000	7064296	92140f292c4ad74f
analysis/results/qwen_vllm_accuracy_il_pyr/textvqa_qwen3.5-35b-a3b_interleaved_staged_g4_c4.jsonl	5000	7116711	414335b681c2f9a5
analysis/results/qwen_vllm_accuracy_il_pyr/textvqa_qwen3.5-35b-a3b_interleaved_staged_g4_k0.25_c4.jsonl	5000	7198899	9108af1400acfb89
analysis/results/qwen_vllm_accuracy_il_pyr/textvqa_qwen3.5-35b-a3b_interleaved_staged_g4_k0.50_c4.jsonl	5000	7206241	1bdb74e91d0da9bc
analysis/results/qwen_vllm_accuracy_il_pyr/textvqa_qwen3.5-35b-a3b_interleaved_unified_g4_c4.jsonl	5000	10630940	401651aa18b8bc09
analysis/results/qwen_vllm_accuracy_il_pyr/textvqa_qwen3.5-35b-a3b_interleaved_unified_g4_k0.25_c4.jsonl	5000	10729089	17fd6974d5c44b46
analysis/results/qwen_vllm_accuracy_il_pyr/textvqa_qwen3.5-35b-a3b_interleaved_unified_g4_k0.50_c4.jsonl	5000	10742686	ea45244348e353d5
analysis/results/qwen_vllm_accuracy_il_pyr/textvqa_qwen3.5-35b-a3b_streaming_g4_c4.jsonl	5000	6157523	2938add17dff0192
analysis/results/qwen_vllm_accuracy_il_pyr/textvqa_qwen3.5-35b-a3b_streaming_g4_k0.25_c4.jsonl	5000	6312637	472af052b5001515
analysis/results/qwen_vllm_accuracy_il_pyr/textvqa_qwen3.5-35b-a3b_streaming_g4_k0.50_c4.jsonl	5000	6316981	fad779de20081908
analysis/results/qwen_vllm_accuracy_il_pyr/visdrone_count_glm-4.6v-fp8_ceiling_c2.jsonl	2350	2091465	11410e90ad94f1cf
analysis/results/qwen_vllm_accuracy_il_pyr/visdrone_count_glm-4.6v-fp8_floor_c2.jsonl	2350	2092333	b212f1b5a782ef87
analysis/results/qwen_vllm_accuracy_il_pyr/visdrone_count_glm-4.6v-fp8_interleaved_g4_c2.jsonl	2350	3207518	eccb44bce5e1abed
analysis/results/qwen_vllm_accuracy_il_pyr/visdrone_count_glm-4.6v-fp8_interleaved_g4_k0.25_c2.jsonl	2350	3254539	04ee128e8ee9f96e
analysis/results/qwen_vllm_accuracy_il_pyr/visdrone_count_glm-4.6v-fp8_interleaved_g4_k0.50_c2.jsonl	2350	3257763	8ef9ffb58110ffcf
analysis/results/qwen_vllm_accuracy_il_pyr/visdrone_count_glm-4.6v-fp8_interleaved_staged_g4_c2.jsonl	2350	4965517	fdea519f7e86fdfc
analysis/results/qwen_vllm_accuracy_il_pyr/visdrone_count_glm-4.6v-fp8_interleaved_staged_g4_k0.25_c2.jsonl	2350	5000202	5b71883591d543c7
analysis/results/qwen_vllm_accuracy_il_pyr/visdrone_count_glm-4.6v-fp8_interleaved_staged_g4_k0.50_c2.jsonl	2350	5012936	cfde788c8184611c
analysis/results/qwen_vllm_accuracy_il_pyr/visdrone_count_glm-4.6v-fp8_interleaved_unified_g4_c2.jsonl	2350	5354933	bb0a9bf995be32a6
analysis/results/qwen_vllm_accuracy_il_pyr/visdrone_count_glm-4.6v-fp8_interleaved_unified_g4_k0.25_c2.jsonl	2350	5396239	4c8f89c73d692566
analysis/results/qwen_vllm_accuracy_il_pyr/visdrone_count_glm-4.6v-fp8_interleaved_unified_g4_k0.50_c2.jsonl	2350	5409157	fe7a0331c18d2db5
analysis/results/qwen_vllm_accuracy_il_pyr/visdrone_count_glm-4.6v-fp8_streaming_g4_c2.jsonl	2350	2624994	2a902034ef0841c9
analysis/results/qwen_vllm_accuracy_il_pyr/visdrone_count_glm-4.6v-fp8_streaming_g4_k0.25_c2.jsonl	2350	2684352	bbfdf1ab82277123
analysis/results/qwen_vllm_accuracy_il_pyr/visdrone_count_glm-4.6v-fp8_streaming_g4_k0.50_c2.jsonl	2350	2683501	e4a954c059bf95be
analysis/results/qwen_vllm_accuracy_il_pyr/visdrone_count_glm-5.3-flash_ceiling.jsonl	2350	2440616	5f830e41ca18c9ff
analysis/results/qwen_vllm_accuracy_il_pyr/visdrone_count_glm-5.3-flash_floor.jsonl	2350	2310521	425232756636f8bd
analysis/results/qwen_vllm_accuracy_il_pyr/visdrone_count_qwen3.5-122b-a10b-fp8_ceiling_c2.jsonl	2350	2081950	20f463c42a6eb88a
analysis/results/qwen_vllm_accuracy_il_pyr/visdrone_count_qwen3.5-122b-a10b-fp8_floor_c2.jsonl	2350	2080465	522e1b6a3028a1bb
analysis/results/qwen_vllm_accuracy_il_pyr/visdrone_count_qwen3.5-122b-a10b-fp8_interleaved_g4_c2.jsonl	2350	3199710	a02b6d9f46e7cc3f
analysis/results/qwen_vllm_accuracy_il_pyr/visdrone_count_qwen3.5-122b-a10b-fp8_interleaved_g4_k0.25_c2.jsonl	2350	3247198	6750d89d43de024d
analysis/results/qwen_vllm_accuracy_il_pyr/visdrone_count_qwen3.5-122b-a10b-fp8_interleaved_g4_k0.50_c2.jsonl	2350	3250353	41558c396475a9f5
analysis/results/qwen_vllm_accuracy_il_pyr/visdrone_count_qwen3.5-122b-a10b-fp8_interleaved_staged_g4_c2.jsonl	2350	4953758	3b9edb8456e67312
analysis/results/qwen_vllm_accuracy_il_pyr/visdrone_count_qwen3.5-122b-a10b-fp8_interleaved_staged_g4_k0.25_c2.jsonl	2350	4991182	07efe0330c2ded29
analysis/results/qwen_vllm_accuracy_il_pyr/visdrone_count_qwen3.5-122b-a10b-fp8_interleaved_staged_g4_k0.50_c2.jsonl	2350	5006091	a244ed41b1283e66
analysis/results/qwen_vllm_accuracy_il_pyr/visdrone_count_qwen3.5-122b-a10b-fp8_interleaved_unified_g4_c2.jsonl	2350	5341126	9b431ebc2f0fa9b5
analysis/results/qwen_vllm_accuracy_il_pyr/visdrone_count_qwen3.5-122b-a10b-fp8_interleaved_unified_g4_k0.25_c2.jsonl	2350	5383567	a9a44af9a5500011
analysis/results/qwen_vllm_accuracy_il_pyr/visdrone_count_qwen3.5-122b-a10b-fp8_interleaved_unified_g4_k0.50_c2.jsonl	2350	5398811	044da8c21d1f09d6
analysis/results/qwen_vllm_accuracy_il_pyr/visdrone_count_qwen3.5-122b-a10b-fp8_streaming_g4_c2.jsonl	2350	2609465	f247030c878fd55c
analysis/results/qwen_vllm_accuracy_il_pyr/visdrone_count_qwen3.5-122b-a10b-fp8_streaming_g4_k0.25_c2.jsonl	2350	2672562	563c6480e54b183a
analysis/results/qwen_vllm_accuracy_il_pyr/visdrone_count_qwen3.5-122b-a10b-fp8_streaming_g4_k0.50_c2.jsonl	2350	2674255	d219ce7e7b7222cc
analysis/results/qwen_vllm_accuracy_il_pyr/visdrone_count_qwen3.5-35b-a3b_ceiling_c4.jsonl	2350	2088561	2761b6c9dfeae2e7
analysis/results/qwen_vllm_accuracy_il_pyr/visdrone_count_qwen3.5-35b-a3b_floor_c4.jsonl	2350	2086913	c23383718a1f2a90
analysis/results/qwen_vllm_accuracy_il_pyr/visdrone_count_qwen3.5-35b-a3b_interleaved_g4_c4.jsonl	2350	3200081	ebd60b1042aebd05
analysis/results/qwen_vllm_accuracy_il_pyr/visdrone_count_qwen3.5-35b-a3b_interleaved_g4_k0.25_c4.jsonl	2350	3250870	77712d6dd0706fa8
analysis/results/qwen_vllm_accuracy_il_pyr/visdrone_count_qwen3.5-35b-a3b_interleaved_g4_k0.50_c4.jsonl	2350	3259470	276656ab06005ca9
analysis/results/qwen_vllm_accuracy_il_pyr/visdrone_count_qwen3.5-35b-a3b_interleaved_staged_g4_c4.jsonl	2350	4959142	1022a3fce49a1260
analysis/results/qwen_vllm_accuracy_il_pyr/visdrone_count_qwen3.5-35b-a3b_interleaved_staged_g4_k0.25_c4.jsonl	2350	4999893	8ab2352d2cf1922b
analysis/results/qwen_vllm_accuracy_il_pyr/visdrone_count_qwen3.5-35b-a3b_interleaved_staged_g4_k0.50_c4.jsonl	2350	5014761	f9324638c0fa570d
analysis/results/qwen_vllm_accuracy_il_pyr/visdrone_count_qwen3.5-35b-a3b_interleaved_unified_g4_c4.jsonl	2350	4265419	cad4a420f4916359
analysis/results/qwen_vllm_accuracy_il_pyr/visdrone_count_qwen3.5-35b-a3b_interleaved_unified_g4_k0.25_c4.jsonl	2350	4317856	08724c143e0b1cee
analysis/results/qwen_vllm_accuracy_il_pyr/visdrone_count_qwen3.5-35b-a3b_interleaved_unified_g4_k0.50_c4.jsonl	2350	4325587	40b45d38f891c13d
analysis/results/qwen_vllm_accuracy_il_pyr/visdrone_count_qwen3.5-35b-a3b_streaming_g4_c4.jsonl	2350	2610459	f0acd6d36a0e7c82
analysis/results/qwen_vllm_accuracy_il_pyr/visdrone_count_qwen3.5-35b-a3b_streaming_g4_k0.25_c4.jsonl	2350	2679663	d6321f1fdba18988
analysis/results/qwen_vllm_accuracy_il_pyr/visdrone_count_qwen3.5-35b-a3b_streaming_g4_k0.50_c4.jsonl	2350	2680627	240ec8e33b9ce4dc
analysis/results/qwen_vllm_accuracy_il_pyr/visdrone_det_glm-4.6v-fp8_ceiling_c2.jsonl	448	432769	371fdb93bd6fc800
analysis/results/qwen_vllm_accuracy_il_pyr/visdrone_det_glm-4.6v-fp8_floor_c2.jsonl	448	431787	b42be1860c915956
analysis/results/qwen_vllm_accuracy_il_pyr/visdrone_det_glm-4.6v-fp8_interleaved_g4_c2.jsonl	448	645338	47e717c24897404a
analysis/results/qwen_vllm_accuracy_il_pyr/visdrone_det_glm-4.6v-fp8_interleaved_g4_k0.25_c2.jsonl	448	653702	6315d23cb0e38f7e
analysis/results/qwen_vllm_accuracy_il_pyr/visdrone_det_glm-4.6v-fp8_interleaved_g4_k0.50_c2.jsonl	448	655045	914b2bcaeb050dbb
analysis/results/qwen_vllm_accuracy_il_pyr/visdrone_det_glm-4.6v-fp8_interleaved_staged_g4_c2.jsonl	448	980366	0bffa0d05d43d1ae
analysis/results/qwen_vllm_accuracy_il_pyr/visdrone_det_glm-4.6v-fp8_interleaved_staged_g4_k0.25_c2.jsonl	448	986661	e3bf7ad22d66ffa4
analysis/results/qwen_vllm_accuracy_il_pyr/visdrone_det_glm-4.6v-fp8_interleaved_staged_g4_k0.50_c2.jsonl	448	989230	7ebfa9d11b3e90ef
analysis/results/qwen_vllm_accuracy_il_pyr/visdrone_det_glm-4.6v-fp8_interleaved_unified_g4_c2.jsonl	448	1055720	0c0543e83e36dfcf
analysis/results/qwen_vllm_accuracy_il_pyr/visdrone_det_glm-4.6v-fp8_interleaved_unified_g4_k0.25_c2.jsonl	448	1062776	098af13032caaec4
analysis/results/qwen_vllm_accuracy_il_pyr/visdrone_det_glm-4.6v-fp8_interleaved_unified_g4_k0.50_c2.jsonl	448	1065918	68c2b84a281e39c5
analysis/results/qwen_vllm_accuracy_il_pyr/visdrone_det_glm-4.6v-fp8_streaming_g4_c2.jsonl	448	534326	401a7c5eeef68da1
analysis/results/qwen_vllm_accuracy_il_pyr/visdrone_det_glm-4.6v-fp8_streaming_g4_k0.25_c2.jsonl	448	545191	efa632a58e2f006a
analysis/results/qwen_vllm_accuracy_il_pyr/visdrone_det_glm-4.6v-fp8_streaming_g4_k0.50_c2.jsonl	448	545522	9783fbb331c96ecb
analysis/results/qwen_vllm_accuracy_il_pyr/visdrone_det_glm-5.3-flash_ceiling.jsonl	0	0	e3b0c44298fc1c14
analysis/results/qwen_vllm_accuracy_il_pyr/visdrone_det_glm-5.3-flash_floor.jsonl	448	429857	f2fb656694da87f7
analysis/results/qwen_vllm_accuracy_il_pyr/visdrone_det_qwen3.5-122b-a10b-fp8_ceiling_c2.jsonl	448	433758	c7ccc009037dec1e
analysis/results/qwen_vllm_accuracy_il_pyr/visdrone_det_qwen3.5-122b-a10b-fp8_floor_c2.jsonl	448	432653	39fffdb11ad6c8d2
analysis/results/qwen_vllm_accuracy_il_pyr/visdrone_det_qwen3.5-122b-a10b-fp8_interleaved_g4_c2.jsonl	448	643977	acdfed0c258dcae0
analysis/results/qwen_vllm_accuracy_il_pyr/visdrone_det_qwen3.5-122b-a10b-fp8_interleaved_g4_k0.25_c2.jsonl	448	653605	3f16d3478d5a5da6
analysis/results/qwen_vllm_accuracy_il_pyr/visdrone_det_qwen3.5-122b-a10b-fp8_interleaved_g4_k0.50_c2.jsonl	448	655152	e16990b21f811a53
analysis/results/qwen_vllm_accuracy_il_pyr/visdrone_det_qwen3.5-122b-a10b-fp8_interleaved_staged_g4_c2.jsonl	448	978473	5417d3daf8c065c9
analysis/results/qwen_vllm_accuracy_il_pyr/visdrone_det_qwen3.5-122b-a10b-fp8_interleaved_staged_g4_k0.25_c2.jsonl	448	986840	000bcf74fb83d0c3
analysis/results/qwen_vllm_accuracy_il_pyr/visdrone_det_qwen3.5-122b-a10b-fp8_interleaved_staged_g4_k0.50_c2.jsonl	448	989238	9ef1bc342aa0e0a3
analysis/results/qwen_vllm_accuracy_il_pyr/visdrone_det_qwen3.5-122b-a10b-fp8_interleaved_unified_g4_c2.jsonl	448	1052637	90dedc034f91f9f8
analysis/results/qwen_vllm_accuracy_il_pyr/visdrone_det_qwen3.5-122b-a10b-fp8_interleaved_unified_g4_k0.25_c2.jsonl	448	1061636	655a0c772e2fdc1b
analysis/results/qwen_vllm_accuracy_il_pyr/visdrone_det_qwen3.5-122b-a10b-fp8_interleaved_unified_g4_k0.50_c2.jsonl	448	1064215	5a794780a4775b97
analysis/results/qwen_vllm_accuracy_il_pyr/visdrone_det_qwen3.5-122b-a10b-fp8_streaming_g4_c2.jsonl	448	532498	5be266c4eb32cd93
analysis/results/qwen_vllm_accuracy_il_pyr/visdrone_det_qwen3.5-122b-a10b-fp8_streaming_g4_k0.25_c2.jsonl	448	544735	de8b0706816464ce
analysis/results/qwen_vllm_accuracy_il_pyr/visdrone_det_qwen3.5-122b-a10b-fp8_streaming_g4_k0.50_c2.jsonl	448	545046	7451160e71ddb201
analysis/results/qwen_vllm_accuracy_il_pyr/visdrone_det_qwen3.5-35b-a3b_ceiling_c4.jsonl	448	433211	f6378b8c9ae51d5d
analysis/results/qwen_vllm_accuracy_il_pyr/visdrone_det_qwen3.5-35b-a3b_floor_c4.jsonl	448	431819	81ffd7a7bb5026fd
analysis/results/qwen_vllm_accuracy_il_pyr/visdrone_det_qwen3.5-35b-a3b_interleaved_g4_c4.jsonl	448	644446	2096459186fe7a9e
analysis/results/qwen_vllm_accuracy_il_pyr/visdrone_det_qwen3.5-35b-a3b_interleaved_g4_k0.25_c4.jsonl	448	653685	42984085a53532f4
analysis/results/qwen_vllm_accuracy_il_pyr/visdrone_det_qwen3.5-35b-a3b_interleaved_g4_k0.50_c4.jsonl	448	655497	c7a77ea753f887dc
analysis/results/qwen_vllm_accuracy_il_pyr/visdrone_det_qwen3.5-35b-a3b_interleaved_staged_g4_c4.jsonl	448	979695	91c57416b2ee943a
analysis/results/qwen_vllm_accuracy_il_pyr/visdrone_det_qwen3.5-35b-a3b_interleaved_staged_g4_k0.25_c4.jsonl	448	987574	760311eef0cedaf4
analysis/results/qwen_vllm_accuracy_il_pyr/visdrone_det_qwen3.5-35b-a3b_interleaved_staged_g4_k0.50_c4.jsonl	448	990578	91568da03144fb5e
analysis/results/qwen_vllm_accuracy_il_pyr/visdrone_det_qwen3.5-35b-a3b_interleaved_unified_g4_c4.jsonl	448	941190	dca3dc1e986f6a37
analysis/results/qwen_vllm_accuracy_il_pyr/visdrone_det_qwen3.5-35b-a3b_interleaved_unified_g4_k0.25_c4.jsonl	448	951322	88edb6c1a5480b82
analysis/results/qwen_vllm_accuracy_il_pyr/visdrone_det_qwen3.5-35b-a3b_interleaved_unified_g4_k0.50_c4.jsonl	448	953281	20c5b7eebb968631
analysis/results/qwen_vllm_accuracy_il_pyr/visdrone_det_qwen3.5-35b-a3b_streaming_g4_c4.jsonl	448	532666	d18ff1e0bd2782e6
analysis/results/qwen_vllm_accuracy_il_pyr/visdrone_det_qwen3.5-35b-a3b_streaming_g4_k0.25_c4.jsonl	448	544406	be04a2f43f947e3f
analysis/results/qwen_vllm_accuracy_il_pyr/visdrone_det_qwen3.5-35b-a3b_streaming_g4_k0.50_c4.jsonl	448	545141	f99d0fbdb1ff1821
analysis/results/qwen_vllm_accuracy_il_pyr/vstar_glm-4.6v-fp8_ceiling_c2.jsonl	191	173796	f7c5110e37ae14e2
analysis/results/qwen_vllm_accuracy_il_pyr/vstar_glm-4.6v-fp8_floor_c2.jsonl	191	173773	2ac82416c1696b2f
analysis/results/qwen_vllm_accuracy_il_pyr/vstar_glm-4.6v-fp8_interleaved_g4_c2.jsonl	191	270628	fdfd4402a9070916
analysis/results/qwen_vllm_accuracy_il_pyr/vstar_glm-4.6v-fp8_interleaved_g4_k0.25_c2.jsonl	191	272630	65ca38f901f3004a
analysis/results/qwen_vllm_accuracy_il_pyr/vstar_glm-4.6v-fp8_interleaved_g4_k0.50_c2.jsonl	191	275162	3d3209d1f2735d6a
analysis/results/qwen_vllm_accuracy_il_pyr/vstar_glm-4.6v-fp8_interleaved_staged_g4_c2.jsonl	191	414244	b65d81d5a7d379dd
analysis/results/qwen_vllm_accuracy_il_pyr/vstar_glm-4.6v-fp8_interleaved_staged_g4_k0.25_c2.jsonl	191	417705	c3e08c9c0ecd4e27
analysis/results/qwen_vllm_accuracy_il_pyr/vstar_glm-4.6v-fp8_interleaved_staged_g4_k0.50_c2.jsonl	191	417617	1ea6cea1116d6c5c
analysis/results/qwen_vllm_accuracy_il_pyr/vstar_glm-4.6v-fp8_interleaved_unified_g4_c2.jsonl	191	399651	c481297015dca30d
analysis/results/qwen_vllm_accuracy_il_pyr/vstar_glm-4.6v-fp8_interleaved_unified_g4_k0.25_c2.jsonl	191	403506	3313d303c9920167
analysis/results/qwen_vllm_accuracy_il_pyr/vstar_glm-4.6v-fp8_interleaved_unified_g4_k0.50_c2.jsonl	191	403553	ef4420c9ab5323de
analysis/results/qwen_vllm_accuracy_il_pyr/vstar_glm-4.6v-fp8_streaming_g4_c2.jsonl	191	218934	1462d60efa0be6fa
analysis/results/qwen_vllm_accuracy_il_pyr/vstar_glm-4.6v-fp8_streaming_g4_k0.25_c2.jsonl	191	223930	b0aa5c69de0e85ea
analysis/results/qwen_vllm_accuracy_il_pyr/vstar_glm-4.6v-fp8_streaming_g4_k0.50_c2.jsonl	191	224287	6b1fcfb7821129b6
analysis/results/qwen_vllm_accuracy_il_pyr/vstar_glm-5.3-flash_ceiling_c2.jsonl	191	165879	81bbf68b11667822
analysis/results/qwen_vllm_accuracy_il_pyr/vstar_glm-5.3-flash_floor_c2.jsonl	191	168444	37025b111ff80170
analysis/results/qwen_vllm_accuracy_il_pyr/vstar_glm-5.3-flash_streaming_g4_c2.jsonl	191	210156	42c30c000e9572a2
analysis/results/qwen_vllm_accuracy_il_pyr/vstar_glm-5.3-flash_streaming_g4_k0.25_c2.jsonl	191	214793	be87a0c8baa986ac
analysis/results/qwen_vllm_accuracy_il_pyr/vstar_glm-5.3-flash_streaming_g4_k0.50_c2.jsonl	191	214894	2fa4e835c6d87665
analysis/results/qwen_vllm_accuracy_il_pyr/vstar_qwen3.5-122b-a10b-fp8_ceiling_c2.jsonl	191	171547	421a1ff582ad4c30
analysis/results/qwen_vllm_accuracy_il_pyr/vstar_qwen3.5-122b-a10b-fp8_floor_c2.jsonl	191	171468	1b6a294e47511a72
analysis/results/qwen_vllm_accuracy_il_pyr/vstar_qwen3.5-122b-a10b-fp8_interleaved_g4_c2.jsonl	191	263738	4bc95063384162fd
analysis/results/qwen_vllm_accuracy_il_pyr/vstar_qwen3.5-122b-a10b-fp8_interleaved_g4_k0.25_c2.jsonl	191	263101	3bfdb8e113a20aff
analysis/results/qwen_vllm_accuracy_il_pyr/vstar_qwen3.5-122b-a10b-fp8_interleaved_g4_k0.50_c2.jsonl	191	263882	f267e8f3169c3140
analysis/results/qwen_vllm_accuracy_il_pyr/vstar_qwen3.5-122b-a10b-fp8_interleaved_staged_g4_c2.jsonl	191	410652	c9f62ea15d4a80cc
analysis/results/qwen_vllm_accuracy_il_pyr/vstar_qwen3.5-122b-a10b-fp8_interleaved_staged_g4_k0.25_c2.jsonl	191	411447	2fb886849e88bc06
analysis/results/qwen_vllm_accuracy_il_pyr/vstar_qwen3.5-122b-a10b-fp8_interleaved_staged_g4_k0.50_c2.jsonl	191	412064	89d5e150f5953659
analysis/results/qwen_vllm_accuracy_il_pyr/vstar_qwen3.5-122b-a10b-fp8_interleaved_unified_g4_c2.jsonl	191	395969	97a515cf1f9bf08e
analysis/results/qwen_vllm_accuracy_il_pyr/vstar_qwen3.5-122b-a10b-fp8_interleaved_unified_g4_k0.25_c2.jsonl	191	400289	fca550b064b14bbe
analysis/results/qwen_vllm_accuracy_il_pyr/vstar_qwen3.5-122b-a10b-fp8_interleaved_unified_g4_k0.50_c2.jsonl	191	401751	3d789328714bbbed
analysis/results/qwen_vllm_accuracy_il_pyr/vstar_qwen3.5-122b-a10b-fp8_streaming_g4_c2.jsonl	191	214029	194f8a2706a3330e
analysis/results/qwen_vllm_accuracy_il_pyr/vstar_qwen3.5-122b-a10b-fp8_streaming_g4_k0.25_c2.jsonl	191	221499	8dd52afa5a05f203
analysis/results/qwen_vllm_accuracy_il_pyr/vstar_qwen3.5-122b-a10b-fp8_streaming_g4_k0.50_c2.jsonl	191	221717	8c979029cbbd35c2
analysis/results/qwen_vllm_accuracy_il_pyr/vstar_qwen3.5-35b-a3b_ceiling_c4.jsonl	191	164352	4802ed241eb4199b
analysis/results/qwen_vllm_accuracy_il_pyr/vstar_qwen3.5-35b-a3b_floor_c4.jsonl	191	166098	63c903d4f65f55b5
analysis/results/qwen_vllm_accuracy_il_pyr/vstar_qwen3.5-35b-a3b_interleaved_g4_c4.jsonl	191	244060	6e1048b241bfbbe6
analysis/results/qwen_vllm_accuracy_il_pyr/vstar_qwen3.5-35b-a3b_interleaved_g4_k0.25_c4.jsonl	191	248384	5a08e7eba033c37a
analysis/results/qwen_vllm_accuracy_il_pyr/vstar_qwen3.5-35b-a3b_interleaved_g4_k0.50_c4.jsonl	191	248099	aad8858197e1f099
analysis/results/qwen_vllm_accuracy_il_pyr/vstar_qwen3.5-35b-a3b_interleaved_staged_g4_c4.jsonl	191	256133	b1e8924406d78928
analysis/results/qwen_vllm_accuracy_il_pyr/vstar_qwen3.5-35b-a3b_interleaved_staged_g4_k0.25_c4.jsonl	191	260216	625d5a8e391ed972
analysis/results/qwen_vllm_accuracy_il_pyr/vstar_qwen3.5-35b-a3b_interleaved_staged_g4_k0.50_c4.jsonl	191	260297	8d654e69f3be2c53
analysis/results/qwen_vllm_accuracy_il_pyr/vstar_qwen3.5-35b-a3b_interleaved_unified_g4_c4.jsonl	191	348082	bb2b4b394db5d4e6
analysis/results/qwen_vllm_accuracy_il_pyr/vstar_qwen3.5-35b-a3b_interleaved_unified_g4_k0.25_c4.jsonl	191	351326	d25dec1d01be3604
analysis/results/qwen_vllm_accuracy_il_pyr/vstar_qwen3.5-35b-a3b_interleaved_unified_g4_k0.50_c4.jsonl	191	351837	a7588ecf29bd47bd
analysis/results/qwen_vllm_accuracy_il_pyr/vstar_qwen3.5-35b-a3b_streaming_g4_c4.jsonl	191	198462	97d4b1982a6c8d1b
analysis/results/qwen_vllm_accuracy_il_pyr/vstar_qwen3.5-35b-a3b_streaming_g4_k0.25_c4.jsonl	191	205460	a1152dee738f6ccf
analysis/results/qwen_vllm_accuracy_il_pyr/vstar_qwen3.5-35b-a3b_streaming_g4_k0.50_c4.jsonl	191	205376	3e717480b8c2ed08
analysis/results/qwen_vllm_accuracy_il_pyr_adaptive/infovqa_glm-4.6v-fp8_interleaved_unified_g4_auto0.0521035_c2.jsonl	2801	6606255	87aed5c5bc5a712a
analysis/results/qwen_vllm_accuracy_il_pyr_adaptive/infovqa_glm-4.6v-fp8_interleaved_unified_g4_auto0.128251_c2.jsonl	2801	6587826	04221dc0315e9510
analysis/results/qwen_vllm_accuracy_il_pyr_adaptive/infovqa_glm-4.6v-fp8_interleaved_unified_g4_k0.25_c2.jsonl	2801	6080882	49807a9e984ac467
analysis/results/qwen_vllm_accuracy_il_pyr_adaptive/infovqa_glm-4.6v-fp8_interleaved_unified_g4_k0.50_c2.jsonl	2801	6094995	7c2a8710617d9b68
analysis/results/qwen_vllm_accuracy_il_pyr_adaptive/infovqa_glm-5.3-flash_interleaved_unified_g4_auto0.0669845.jsonl	2801	5973728	e29417227cc325e2
analysis/results/qwen_vllm_accuracy_il_pyr_adaptive/infovqa_glm-5.3-flash_interleaved_unified_g4_auto0.146415.jsonl	2801	5974548	686c4182746037da
analysis/results/qwen_vllm_accuracy_il_pyr_adaptive/infovqa_qwen3.5-122b-a10b-fp8_interleaved_unified_g4_auto0.0575444_c2.jsonl	2801	6446130	47ff47446747f9e5
analysis/results/qwen_vllm_accuracy_il_pyr_adaptive/infovqa_qwen3.5-122b-a10b-fp8_interleaved_unified_g4_auto0.133426.jsonl	2801	6425848	e04caaace6286b96
analysis/results/qwen_vllm_accuracy_il_pyr_adaptive/infovqa_qwen3.5-122b-a10b-fp8_interleaved_unified_g4_k0.25_c2.jsonl	2801	5929423	b56aa388b19f8fe2
analysis/results/qwen_vllm_accuracy_il_pyr_adaptive/infovqa_qwen3.5-122b-a10b-fp8_interleaved_unified_g4_k0.50_c2.jsonl	2801	5938863	866fe46f00f579cb
analysis/results/qwen_vllm_accuracy_il_pyr_adaptive/infovqa_qwen3.5-35b-a3b_interleaved_unified_g4_auto0.0602334_c4.jsonl	2801	5676040	55ec1efef2d92420
analysis/results/qwen_vllm_accuracy_il_pyr_adaptive/infovqa_qwen3.5-35b-a3b_interleaved_unified_g4_auto0.0761038b4_c4.jsonl	2801	5671758	de4931ab1bd81d4b
analysis/results/qwen_vllm_accuracy_il_pyr_adaptive/infovqa_qwen3.5-35b-a3b_interleaved_unified_g4_auto0.139044_c4.jsonl	2801	5663542	bf0f933d792844fe
analysis/results/qwen_vllm_accuracy_il_pyr_adaptive/infovqa_qwen3.5-35b-a3b_interleaved_unified_g4_k0.25_c4.jsonl	2801	5160945	4fbd84ceea099e8f
analysis/results/qwen_vllm_accuracy_il_pyr_adaptive/infovqa_qwen3.5-35b-a3b_interleaved_unified_g4_k0.50_c4.jsonl	2801	5167512	124b00657077d929
analysis/results/qwen_vllm_accuracy_il_pyr_adaptive/refcoco_glm-4.6v-fp8_interleaved_unified_g4_auto0.0513009_c2.jsonl	8811	22592924	3a71501e6ffec2db
analysis/results/qwen_vllm_accuracy_il_pyr_adaptive/refcoco_glm-4.6v-fp8_interleaved_unified_g4_auto0.0903388_c2.jsonl	8811	22567860	c8620d93ca5791e5
analysis/results/qwen_vllm_accuracy_il_pyr_adaptive/refcoco_glm-4.6v-fp8_interleaved_unified_g4_k0.25_c2.jsonl	8811	20988457	99c463a2ee889262
analysis/results/qwen_vllm_accuracy_il_pyr_adaptive/refcoco_glm-4.6v-fp8_interleaved_unified_g4_k0.50_c2.jsonl	8811	21024146	a21fb4055ddeb32f
analysis/results/qwen_vllm_accuracy_il_pyr_adaptive/refcoco_qwen3.5-122b-a10b-fp8_interleaved_unified_g4_auto0.0580875.jsonl	8811	22519398	7089a90bcd4d177a
analysis/results/qwen_vllm_accuracy_il_pyr_adaptive/refcoco_qwen3.5-122b-a10b-fp8_interleaved_unified_g4_auto0.0986289.jsonl	8811	22487873	9340f826b0a8bf45
analysis/results/qwen_vllm_accuracy_il_pyr_adaptive/refcoco_qwen3.5-122b-a10b-fp8_interleaved_unified_g4_k0.25_c2.jsonl	8811	20975447	bc0d7d4f88a61c7e
analysis/results/qwen_vllm_accuracy_il_pyr_adaptive/refcoco_qwen3.5-122b-a10b-fp8_interleaved_unified_g4_k0.50_c2.jsonl	8811	21013363	37817f5ea7e2d9cf
analysis/results/qwen_vllm_accuracy_il_pyr_adaptive/refcoco_qwen3.5-35b-a3b_interleaved_unified_g4_auto0.0600003_c4.jsonl	8811	20396427	eb404d530896560c
analysis/results/qwen_vllm_accuracy_il_pyr_adaptive/refcoco_qwen3.5-35b-a3b_interleaved_unified_g4_auto0.100225_c4.jsonl	8811	20359532	d9124f071c937419
analysis/results/qwen_vllm_accuracy_il_pyr_adaptive/refcoco_qwen3.5-35b-a3b_interleaved_unified_g4_k0.25_c4.jsonl	8811	18825951	a4ab4e6ed0834364
analysis/results/qwen_vllm_accuracy_il_pyr_adaptive/refcoco_qwen3.5-35b-a3b_interleaved_unified_g4_k0.50_c4.jsonl	8811	18867110	3eea2dd3f10eaa61
analysis/results/qwen_vllm_accuracy_il_pyr_adaptive/textvqa_glm-4.6v-fp8_interleaved_unified_g4_auto0.0311573_c2.jsonl	5000	13084297	a579aad7f7de706b
analysis/results/qwen_vllm_accuracy_il_pyr_adaptive/textvqa_glm-4.6v-fp8_interleaved_unified_g4_auto0.0726753_c2.jsonl	5000	13058385	dc9565cc42b77c8f
analysis/results/qwen_vllm_accuracy_il_pyr_adaptive/textvqa_glm-4.6v-fp8_interleaved_unified_g4_k0.25_c2.jsonl	5000	12151933	a0cd7516536d6a99
analysis/results/qwen_vllm_accuracy_il_pyr_adaptive/textvqa_glm-4.6v-fp8_interleaved_unified_g4_k0.50_c2.jsonl	5000	12190646	93367bc0bf9e147a
analysis/results/qwen_vllm_accuracy_il_pyr_adaptive/textvqa_glm-5.3-flash_interleaved_unified_g4_auto0.039308.jsonl	5000	13053954	038a5803d9ece595
analysis/results/qwen_vllm_accuracy_il_pyr_adaptive/textvqa_glm-5.3-flash_interleaved_unified_g4_auto0.0858648.jsonl	5000	13049889	a949a7dba47018da
analysis/results/qwen_vllm_accuracy_il_pyr_adaptive/textvqa_qwen3.5-122b-a10b-fp8_interleaved_unified_g4_auto0.0338719_c2.jsonl	5000	12925353	d8d976922961de46
analysis/results/qwen_vllm_accuracy_il_pyr_adaptive/textvqa_qwen3.5-122b-a10b-fp8_interleaved_unified_g4_auto0.0764523_c2.jsonl	5000	12900215	17d161552d4c8a5a
analysis/results/qwen_vllm_accuracy_il_pyr_adaptive/textvqa_qwen3.5-122b-a10b-fp8_interleaved_unified_g4_k0.25_c2.jsonl	5000	12069006	9fcf681bfd041ad0
analysis/results/qwen_vllm_accuracy_il_pyr_adaptive/textvqa_qwen3.5-122b-a10b-fp8_interleaved_unified_g4_k0.50_c2.jsonl	5000	12081022	cbecba1d786b3c43
analysis/results/qwen_vllm_accuracy_il_pyr_adaptive/textvqa_qwen3.5-35b-a3b_interleaved_unified_g4_auto0.0359457_c4.jsonl	5000	11590907	8bf70edfd144e2d7
analysis/results/qwen_vllm_accuracy_il_pyr_adaptive/textvqa_qwen3.5-35b-a3b_interleaved_unified_g4_auto0.0457259b4_c4.jsonl	5000	11582584	d3bceee437b15468
analysis/results/qwen_vllm_accuracy_il_pyr_adaptive/textvqa_qwen3.5-35b-a3b_interleaved_unified_g4_auto0.0784981_c4.jsonl	5000	11566644	550b377874777419
analysis/results/qwen_vllm_accuracy_il_pyr_adaptive/textvqa_qwen3.5-35b-a3b_interleaved_unified_g4_k0.25_c4.jsonl	5000	10733279	16f565ddf94a598e
analysis/results/qwen_vllm_accuracy_il_pyr_adaptive/textvqa_qwen3.5-35b-a3b_interleaved_unified_g4_k0.50_c4.jsonl	5000	10746671	36778e6d227af730
analysis/results/qwen_vllm_accuracy_il_pyr_adaptive/visdrone_count_glm-4.6v-fp8_interleaved_unified_g4_auto0.0361699_c2.jsonl	2350	5842274	3067f9500f505c56
analysis/results/qwen_vllm_accuracy_il_pyr_adaptive/visdrone_count_glm-4.6v-fp8_interleaved_unified_g4_auto0.0719633_c2.jsonl	2350	5827572	208b278a4c02a4cc
analysis/results/qwen_vllm_accuracy_il_pyr_adaptive/visdrone_count_glm-4.6v-fp8_interleaved_unified_g4_k0.25_c2.jsonl	2350	5395898	1b6ea4048e3384bf
analysis/results/qwen_vllm_accuracy_il_pyr_adaptive/visdrone_count_glm-4.6v-fp8_interleaved_unified_g4_k0.50_c2.jsonl	2350	5409107	f2d3e761a6a83158
analysis/results/qwen_vllm_accuracy_il_pyr_adaptive/visdrone_count_glm-5.3-flash_interleaved_unified_g4_auto0.0444106.jsonl	2350	6216833	0ec20b5dcc4d34f4
analysis/results/qwen_vllm_accuracy_il_pyr_adaptive/visdrone_count_glm-5.3-flash_interleaved_unified_g4_auto0.0829471.jsonl	2350	6159478	ef3f85d840f7300c
analysis/results/qwen_vllm_accuracy_il_pyr_adaptive/visdrone_count_qwen3.5-122b-a10b-fp8_interleaved_unified_g4_auto0.038661_c2.jsonl	2350	5819426	ae893ee45421dff0
analysis/results/qwen_vllm_accuracy_il_pyr_adaptive/visdrone_count_qwen3.5-122b-a10b-fp8_interleaved_unified_g4_auto0.0732291_c2.jsonl	2350	5809205	90b03f6710be9d1e
analysis/results/qwen_vllm_accuracy_il_pyr_adaptive/visdrone_count_qwen3.5-122b-a10b-fp8_interleaved_unified_g4_k0.25_c2.jsonl	2350	5384730	8f80d3ae04af0ad9
analysis/results/qwen_vllm_accuracy_il_pyr_adaptive/visdrone_count_qwen3.5-122b-a10b-fp8_interleaved_unified_g4_k0.50_c2.jsonl	2350	5401337	7ac64d05ed79df1e
analysis/results/qwen_vllm_accuracy_il_pyr_adaptive/visdrone_count_qwen3.5-35b-a3b_interleaved_unified_g4_auto0.0410284_c4.jsonl	2350	4747129	c280962a3e7cd05d
analysis/results/qwen_vllm_accuracy_il_pyr_adaptive/visdrone_count_qwen3.5-35b-a3b_interleaved_unified_g4_auto0.0780712_c4.jsonl	2350	4740360	072a62a227b879f3
analysis/results/qwen_vllm_accuracy_il_pyr_adaptive/visdrone_count_qwen3.5-35b-a3b_interleaved_unified_g4_k0.25_c4.jsonl	2350	4317223	7e42dd72065f65aa
analysis/results/qwen_vllm_accuracy_il_pyr_adaptive/visdrone_count_qwen3.5-35b-a3b_interleaved_unified_g4_k0.50_c4.jsonl	2350	4325117	41e1b17fa5050a0e
analysis/results/qwen_vllm_accuracy_il_pyr_adaptive/visdrone_det_glm-4.6v-fp8_interleaved_unified_g4_auto0.0353949_c2.jsonl	448	1148307	473218f69b0cf528
analysis/results/qwen_vllm_accuracy_il_pyr_adaptive/visdrone_det_glm-4.6v-fp8_interleaved_unified_g4_auto0.0734572_c2.jsonl	448	1145079	f7bcd27203855e26
analysis/results/qwen_vllm_accuracy_il_pyr_adaptive/visdrone_det_glm-4.6v-fp8_interleaved_unified_g4_k0.25_c2.jsonl	448	1062871	1592880810aac415
analysis/results/qwen_vllm_accuracy_il_pyr_adaptive/visdrone_det_glm-4.6v-fp8_interleaved_unified_g4_k0.50_c2.jsonl	448	1065775	cb8c0e5e9c33dcd5
analysis/results/qwen_vllm_accuracy_il_pyr_adaptive/visdrone_det_qwen3.5-122b-a10b-fp8_interleaved_unified_g4_auto0.0380533_c2.jsonl	448	1144809	0a9764113663eef5
analysis/results/qwen_vllm_accuracy_il_pyr_adaptive/visdrone_det_qwen3.5-122b-a10b-fp8_interleaved_unified_g4_auto0.0758245_c2.jsonl	448	1141684	80d42474a9065860
analysis/results/qwen_vllm_accuracy_il_pyr_adaptive/visdrone_det_qwen3.5-122b-a10b-fp8_interleaved_unified_g4_k0.25_c2.jsonl	448	1061552	6909a105e57ffa15
analysis/results/qwen_vllm_accuracy_il_pyr_adaptive/visdrone_det_qwen3.5-122b-a10b-fp8_interleaved_unified_g4_k0.50_c2.jsonl	448	1064487	1ce400428efd6342
analysis/results/qwen_vllm_accuracy_il_pyr_adaptive/visdrone_det_qwen3.5-35b-a3b_interleaved_unified_g4_auto0.0410284_c4.jsonl	448	1033566	1d691a6ec60a288f
analysis/results/qwen_vllm_accuracy_il_pyr_adaptive/visdrone_det_qwen3.5-35b-a3b_interleaved_unified_g4_auto0.0798494_c4.jsonl	448	1031498	365cb1de0bda3ac5
analysis/results/qwen_vllm_accuracy_il_pyr_adaptive/visdrone_det_qwen3.5-35b-a3b_interleaved_unified_g4_k0.25_c4.jsonl	448	950992	a53741ebe315e5ef
analysis/results/qwen_vllm_accuracy_il_pyr_adaptive/visdrone_det_qwen3.5-35b-a3b_interleaved_unified_g4_k0.50_c4.jsonl	448	953191	c9700482501fb23b
analysis/results/qwen_vllm_accuracy_il_pyr_adaptive/vstar_glm-4.6v-fp8_interleaved_unified_g4_auto0.0457199_c2.jsonl	191	432164	afa191818e245bb8
analysis/results/qwen_vllm_accuracy_il_pyr_adaptive/vstar_glm-4.6v-fp8_interleaved_unified_g4_auto0.0887158_c2.jsonl	191	431182	ddf9c672e8712d60
analysis/results/qwen_vllm_accuracy_il_pyr_adaptive/vstar_glm-4.6v-fp8_interleaved_unified_g4_k0.25_c2.jsonl	191	398143	c7b03f6691513678
analysis/results/qwen_vllm_accuracy_il_pyr_adaptive/vstar_glm-4.6v-fp8_interleaved_unified_g4_k0.50_c2.jsonl	191	398865	0b20b261de80d9c8
analysis/results/qwen_vllm_accuracy_il_pyr_adaptive/vstar_glm-5.3-flash_interleaved_unified_g4_auto0.057005.jsonl	191	469006	c6ddec2efd79ada6
analysis/results/qwen_vllm_accuracy_il_pyr_adaptive/vstar_glm-5.3-flash_interleaved_unified_g4_auto0.105332.jsonl	191	468587	6932fc0af822f16d
analysis/results/qwen_vllm_accuracy_il_pyr_adaptive/vstar_glm-5.3-flash_interleaved_unified_g4_k0.25.jsonl	191	435270	eed3f8dfaaf27036
analysis/results/qwen_vllm_accuracy_il_pyr_adaptive/vstar_glm-5.3-flash_interleaved_unified_g4_k0.50.jsonl	191	435186	2358b3d33275d583
analysis/results/qwen_vllm_accuracy_il_pyr_adaptive/vstar_qwen3.5-122b-a10b-fp8_interleaved_unified_g4_auto0.0478464_c2.jsonl	191	430702	a74599ed1fe51070
analysis/results/qwen_vllm_accuracy_il_pyr_adaptive/vstar_qwen3.5-122b-a10b-fp8_interleaved_unified_g4_auto0.0894327_c2.jsonl	191	429984	ec6b7840509f7a5f
analysis/results/qwen_vllm_accuracy_il_pyr_adaptive/vstar_qwen3.5-122b-a10b-fp8_interleaved_unified_g4_k0.25_c2.jsonl	191	394649	8d84ee8c07754875
analysis/results/qwen_vllm_accuracy_il_pyr_adaptive/vstar_qwen3.5-122b-a10b-fp8_interleaved_unified_g4_k0.50_c2.jsonl	191	397776	2c5107552b32d0e2
analysis/results/qwen_vllm_accuracy_il_pyr_adaptive/vstar_qwen3.5-35b-a3b_interleaved_unified_g4_auto0.0503627_c4.jsonl	191	382260	31b7533447dfb753
analysis/results/qwen_vllm_accuracy_il_pyr_adaptive/vstar_qwen3.5-35b-a3b_interleaved_unified_g4_auto0.0931652_c4.jsonl	191	382159	b5a990461b7ff5ab
analysis/results/qwen_vllm_accuracy_il_pyr_adaptive/vstar_qwen3.5-35b-a3b_interleaved_unified_g4_k0.25_c4.jsonl	191	346933	cdd7dfe5c88d52de
analysis/results/qwen_vllm_accuracy_il_pyr_adaptive/vstar_qwen3.5-35b-a3b_interleaved_unified_g4_k0.50_c4.jsonl	191	347488	bc8f2f01bbfa0f48
